review_id,order_id,review_score,review_comment_title,review_comment_message,review_creation_date,review_answer_timestamp
eb6d75bedecae7b3dbea11b8530637d8,00b9e0f8f588d0406a3de447eb606970,5,,Excelente produto.,2018-02-17 00:00:00,2018-02-19 16:20:08
19910e37f2130c56f553edfbdc0c65fb,00b12f4674177ef40c4bdb034138c843,5,Ótimo custo x benefício,Produto chegou dentro do prazo. Veio conforme descrição e é excelente.,2018-07-21 00:00:00,2018-07-24 13:29:35
f11d548dc1a7c713bff0b6d2ef0dff7c,0016dfedd97fc2950e388d2971d718c7,5,,,2017-05-23 00:00:00,2017-05-24 20:08:51
9e96e374304db42a8aecd4a97d53cc1b,00f251b943aba645652c7138e4716fee,5,Super recomendado,Estou plenamente satisfeita com minha aquisição. E recomendo. A única coisa que não concordo é com o valor de frete. Autíssimo.,2018-08-21 00:00:00,2018-08-22 11:09:52
f99ff17e430a53efe61d359faa3b425e,009838529bb913846ab6670d22865381,3,PRODUTO COM DEFEITO,SOLICITEI DEVOLUÇÃO. PRODUTO COM DEFEITO,2018-06-27 00:00:00,2018-06-28 11:09:14
8ec042451b89064557a26251a05b9549,006e91ddb0674525f84ce0da0655c7ba,4,,"O produto chegou como eu imaginava,por enquanto estou gostando
",2018-04-17 00:00:00,2018-04-19 23:22:20
2d2ef3021d5a4856e7774efa91ac1c6d,01405161cfdf60dd80df1f393a2796d5,3,,,2018-08-21 00:00:00,2018-08-21 17:27:42
19b4862e9952de13d95f480bb053955d,0121cfa7c946e6589f50d7012d3eb5eb,5,,"Recebi o produto que queria e antes do prazo combinado, muito bom, recomendo com certeza.",2017-09-07 00:00:00,2017-09-08 14:56:50
9a7e6c8bad289a9e0140a1ad20e74819,00cf47526e0f7920b381b2baf4ecf1c7,4,,,2017-02-17 00:00:00,2017-02-17 22:59:53
23e790c68acbe511dd7b94c6707f2e41,004f5d8f238e8908e6864b874eda3391,3,,,2018-03-23 00:00:00,2018-03-23 10:19:03
d48d8cf67fee1056aef5deb18770de55,00254baeb6c932b0a8aeead91fbd02b5,5,,,2018-05-31 00:00:00,2018-05-31 23:19:37
8538822c4c9eb266f02f91ff3b53e9fe,009c278fa2ed6e7ec498200b60193ca8,5,,Sempre cumpre os prazos de entregues,2018-02-01 00:00:00,2018-02-04 20:43:30
3c2171b3d99d0b0a89e4364cd42170df,0103878b7ed86b6ec873cfae01379472,5,,,2018-08-23 00:00:00,2018-08-25 02:41:30
b88d13fe58cb01fe8acd1cc517f35e8a,0128412231f9fe9d7e944eea5392fc6b,5,,"Tudo certinho, obrigada.",2018-08-31 00:00:00,2018-09-04 12:12:28
dac5e910d571f7e017ac236f73eaea39,00c826c901ab01b6f598a8f0c9b56b82,5,,,2018-05-03 00:00:00,2018-05-03 20:16:59
050dc4d6c3121ff334c4958e2169cef8,0132158c30672a8c52997a2492613ec2,5,,"Atendimento perfeito, dando garantia ao cliente.",2017-03-16 00:00:00,2017-03-17 17:07:32
c0e9d6955c472cffa14f031b35ea1466,004d76fef3dd46eb4f70da049c8d1f93,5,,super recomendo,2017-12-27 00:00:00,2017-12-28 10:05:53
385a950b97d99b4f95d6196ef8b4f1c8,00a9536682ecb394a3794c1608200803,3,,Produto de qualidade. ,2017-05-23 00:00:00,2017-05-27 11:18:40
6eb22fdbb42ecce1a902bab10ce2520c,008dd5e80ebf8f849aa0c5bf4e22ce7a,1,,Me entregaram um tapete errado. Estou aguardando providencias,2018-03-24 00:00:00,2018-03-26 22:06:36
4b3588c776c3ea20c413a0a319c4121c,00d8d65b666158b633f96054d31af43b,3,,,2017-11-08 00:00:00,2017-11-10 23:45:39
7d73c7f8b466fdfdd12d893942ed359b,012bea13f9a355c983efb59a3f23583a,5,,,2017-12-16 00:00:00,2017-12-17 01:50:59
820cdaf6676a3383f73d1b6ee1d0a5cf,00d88c00221ce96a1cfcaca9f2fceb3b,4,,,2018-03-29 00:00:00,2018-03-30 19:04:03
287ad282a167c89fe196978cee506bd3,005a1dded353107dbabf8ffc83a20365,5,,"Excelente,bonito e ajusta facil no braço. Nao é grande, tem o tamanho ideal e muitas funçoes. Super recomendo.",2018-03-03 00:00:00,2018-03-06 02:11:43
71531f6a2657d5acbe7bd6731c816b28,00602f25bffa1dcfb71e202fbf9824fb,5,,,2017-11-28 00:00:00,2017-12-01 00:31:27
0c5b33dea94867d1ac402749e5438e8b,000229ec398224ef6ca0657da4fc703e,5,,Chegou antes do prazo previsto e o produto surpreendeu pela qualidade. Muito satisfatório.,2018-01-23 00:00:00,2018-01-23 16:06:31
3069d1d660f6a9c76b9037d9d840d892,00c62d05602c1ca8164b98746d127fa8,4,,,2018-06-13 00:00:00,2018-06-14 08:15:54
fcfc31341f9eb4b38ab788484d8e0401,011108c8a3d6eee6807f48a2e639439f,1,,NÃO RECEBI O PEDIDO NO PRAZO E AINDA NEM RECEBI O PRODUTO UM DIA APÓS O PRAZO MÁXIMO.,2017-05-18 00:00:00,2017-05-18 18:41:40
e880864e64f669aea8904ee3f201875c,00789ce015e7e5791c7914f32bb4fad4,5,,,2017-07-18 00:00:00,2017-07-19 16:57:30
34592a91e941932fcf44fd337be968d2,0032d07457ae9c806c79368d7d9ce96b,1,,,2018-04-19 00:00:00,2018-04-19 10:53:08
cc451beb8ef5ce647e45002b9b484390,013a98b3a668bcef05b98898177f6923,3,Recomendo,"os produtos comparados form entregues antes do prazo.
Mas o valor do frete esta muito alto.",2018-08-18 00:00:00,2018-08-19 00:07:35
77701c0425c416ba088a7abb9a21ceb5,00eead1d5a799277ef3d6b387b0bebef,5,muito bom,mais rapido que ja vi,2018-08-31 00:00:00,2018-09-03 13:32:43
6d61a5411b9e9cd49b469a1ca07834c3,006f7dfffe2d90809598e8f1972b829b,2,,Demorou para entregar e quando chegou veio errado. ,2018-04-06 00:00:00,2018-04-17 23:03:40
5ef54aacd02622d2d1fefaaf539b939b,003d0634280ff3d1d3a54459349a6899,3,,,2018-03-28 00:00:00,2018-03-29 02:13:16
aed38a2c5cc4f1e9d707556d60db0289,00a690becda145533fa5a54daa7b6ad5,5,,fiquei muito satisfeita o produto e bom excelente qualidade ... ficou lindo no quarto de meu filho .,2018-04-25 00:00:00,2018-05-01 14:56:03
b5c9aa83935388c89bd9b1b2ce6d1439,0013503b13da1eac686219390b7d641b,5,,,2017-12-21 00:00:00,2017-12-24 05:03:01
164fba09ca80765e400c72749b58c267,001862358bf858722e1e2ae000cfed8b,5,,"Adorei, compro novamente!",2018-02-16 00:00:00,2018-02-20 14:11:32
56e149fcba180f05e328035ab79ecdc6,012670c73246a753cbde0a215c2b9e8f,1,,,2018-04-06 00:00:00,2018-04-06 21:41:24
dbf71f79f088d589caaac656b426eab8,00a57dfbb049fbaae10763e2cf15f797,5,,,2018-07-31 00:00:00,2018-08-03 11:41:30
0501aab2f381486c36bf0f071442c0c2,0068c109948b9a1dfb8530d1978acef3,1,,Espero obter uma resposta para minha encomenda. Comprei 3 controles remotos para ar condicionado e apenas recebi 1 controle Komeco e dos 2 controles Elgin pedidos e pago só foi entregue 1 controle Elg,2018-02-09 00:00:00,2018-02-10 23:55:18
eb164f6c5cf6b85214360131fdfcbbf0,005b49de51a4e006055e8487a50ad8e4,5,,,2017-04-28 00:00:00,2017-04-30 22:46:37
8a80875f1c32524e4563986f4c23d256,00f324f6ec332cd73ef8be4888573662,4,,,2017-07-18 00:00:00,2017-07-21 23:34:53
27abf489a0e46ad7dfa4dbdac61b188c,0045e3085f083f0f38d24bb3f22e6593,5,,,2017-08-30 00:00:00,2017-09-02 06:07:39
1dff5e5a748ad2a527ffc95391b0f835,014a0793ab3d930d6f3b206cee474af4,5,,,2018-06-28 00:00:00,2018-06-30 16:37:11
4be0fcb2fc18e0da288ad4f45c38059e,00b30bb163474583c14db1689259cf4d,5,,Recomendo!!,2018-02-18 00:00:00,2018-02-21 01:43:34
e55576d791c76ff5ab2549c700d1405b,00e1426d4c79f2e022570012c1ff57ed,4,,,2018-04-06 00:00:00,2018-04-07 16:11:37
ac7f5de1bea97d48a4a4ba7c0edcaa53,01428962dce3b65e5433eaeb16c0f48f,5,,"Bom preço, qualidade e entrega rápida!",2017-08-01 00:00:00,2017-08-04 04:04:09
f7bbac6b6901d7636435ea406a856e34,0017afd5076e074a48f1f1a4c7bac9c5,1,,,2017-05-21 00:00:00,2017-05-21 11:30:42
d74c41005aac6736c5c6582001800e9f,00eb7b95af5ed25aaec66d4ff5295846,4,,"Otimo atendimento, produto entregue bem antes do prazo estipulado, mto bom.",2018-01-16 00:00:00,2018-01-16 16:29:41
6eb443894e0de3ac2d3dba4d96b9ff73,010061e3aa0c6ed5e393dda0652bbee8,4,,,2017-11-25 00:00:00,2017-11-27 13:08:32
b7a1de28d1001f594fc6a0c05d5018f3,008c3a655c66f4d92370d0d422732f69,4,,,2018-03-10 00:00:00,2018-03-11 15:42:42
0b1616a4aacf1b403171d85d24fb42f8,00b8d354b36820e9d6131fd5173c5581,5,,,2018-03-09 00:00:00,2018-03-10 14:20:56
aee1f5bdfc0f44fd54ec0567f0dcf73d,00995d799817ecc3bd2abd8fbe59c430,1,Produto errado,Pedi um produto e veio outro ,2018-08-03 00:00:00,2018-08-08 16:44:44
4ff9a24999699f7104ed23fec2563351,00130c0eee84a3d909e75bc08c5c3ca1,5,Super Recomendo,"Produto entregue adequadamente e muito rápido, gostei muito do serviço.",2018-06-14 00:00:00,2018-06-14 19:50:09
47b7815d496aab56fdb2a2f2fd11571e,0081ce648af7d6a7bac2a93b6035d1e3,5,,,2017-11-23 00:00:00,2017-11-23 15:37:38
6d3234ab820cd1d7b0e74a4b80292613,009ac365164f8e06f59d18a08045f6c4,5,,,2017-11-30 00:00:00,2017-12-03 11:20:35
8a8cd62f1260f732c65c5e2ac41e7e23,00324b3eda39ba5ecce3945823e3594c,5,,,2018-05-04 00:00:00,2018-05-06 01:41:52
0a3cb710b3835621f7bf78d6a928f4a8,0135675503322d804abef7ec5ed4824b,5,,,2017-10-31 00:00:00,2017-11-03 01:12:57
ea0cadbfcf623003add6a407d65bab59,0068468c453d28c8ef3fd089e50a5847,5,,"Antes do prazo, porem tive de pegar nos Correios, pois eles não entregaram em casa ",2017-12-15 00:00:00,2017-12-17 17:21:03
27ba5e7f4fb966a3caaae8c0a3a208b7,0072847849eafe70995fa51a714c81ac,4,Recomendo!!,Muito bom Produto!!,2018-05-23 00:00:00,2018-06-01 22:15:15
fe1711409007a1243f6fa3a1118d416c,00137e170939bba5a3134e2386413108,4,,,2017-12-12 00:00:00,2017-12-13 11:08:31
6d1c23083e960eaa5daa7505e8aa7071,002f98c0f7efd42638ed6100ca699b42,5,,,2017-08-08 00:00:00,2017-08-08 23:26:12
ceb8edcfc6a17b16926b7c9acb47abcf,006e05e81c068ddc38e48ebe189b922e,4,,Atendeu minhas expectativas ,2018-01-04 00:00:00,2018-01-05 00:02:42
fb438ee1afd42dc7a34710a4d343917b,0030d783f979fbc5981e75613b057344,1,,"Comprei dois produtos no mesmo dia, sexta-feira de black friday, no início de dezembro. O jogo de panelas tramontina chegou dentro do prazo, que era até o dia 11-12, mas a pipoqueira ainda não chegou.",2017-12-17 00:00:00,2017-12-19 20:26:21
585ae31deac2a4bcbb0c492191ee4f0e,01443cd06ea8bce82c554a46f307459f,1,,,2018-02-04 00:00:00,2018-02-05 12:02:37
3cce888781bea8e04014b3aaa9c78216,00ce92d57f4f9a112bdb8a2a283e5f97,5,,,2018-02-08 00:00:00,2018-02-09 09:37:22
a0f0f24f65b20b8fde6881d67556f99c,00d1e381c0995f0bdb95909fe7434d0b,5,,,2018-04-03 00:00:00,2018-04-03 21:52:01
6faf6c258bcb87ff83f8062953e11ea3,012f255bd5034b8e7fb3c91566a91cc8,5,,,2017-10-10 00:00:00,2017-10-13 08:15:23
90033a3865e39835ba7e8526f6c8f3de,003edccf16bc5ec447f592913b3df2b4,5,Bom ,Ótimo ,2018-08-03 00:00:00,2018-08-04 09:10:16
77e0edd9f898d8667be3a63d802c1021,00b4a910f64f24dbcac04fe54088a443,5,,Tudo ok,2017-01-27 00:00:00,2017-01-29 21:31:09
98e4cdb3ea9aa0ffdc9a23c6e1085654,0136bcc7370d7fdf44bd916a6dd583c6,3,,,2018-06-07 00:00:00,2018-06-09 03:38:00
d904b3ccf28b6fd01fcb7c3eb6ff46df,00e63486fad9d24645c9c84ed77c15fa,5,,,2018-08-21 00:00:00,2018-08-22 01:20:24
94d8730e5cc750ee619bc09794341c42,00e365f4fc03d1098841af23d05c17a6,5,"Excelente, recomendo",Ótimo produto,2018-08-30 00:00:00,2018-08-30 22:23:09
5fcfab15e41dec56d42c883a668635a3,00b6e66f005a657a6b13eedcacdf9342,1,ENTREGA DESASTROSA,"Comprei 2 (dois) Tablet Qbex Zupin TX120 7"" 4GB Dual Core Android 4.2 Preto e recebi apenas 1 (um). A nota fiscal apresenta 2 unidades, mas na caixa lacrada só havia 1 (um). Me considero roubado.",2018-08-22 00:00:00,2018-08-22 19:03:04
282ec15daab81bd9afe2452fa0ee7b39,0015ebb40fb17286bea51d4607c4733c,5,,,2018-02-02 00:00:00,2018-02-03 09:38:42
a96a757f169ded9f72fc4f3c03750d60,0057199db02d1a5ef41bacbf41f8f63b,4,,,2018-02-07 00:00:00,2018-02-08 11:17:47
b3f7ebc4210047dbed7e9baeb35eb031,0094dc9ea7e3cd54d95aea42685673ff,4,,,2017-03-15 00:00:00,2017-03-16 15:19:31
a5f8ba2a5bba6457fc5edfd182710120,00c2335723b9b74668062e946dc66621,5,,Entregue antes do prazo e material de boa qualidade... recomendo,2018-01-10 00:00:00,2018-01-10 18:29:23
bef8f895661652ee0f5dbc2626864df3,001c85b5f68d2be0cb0797afc9e8ce9a,2,,,2017-12-16 00:00:00,2017-12-20 21:03:14
11b501537e4927eec81488bec55ddd17,008eaf9004164883520d0bd32b107261,5,,foi otimo,2017-07-22 00:00:00,2017-07-25 20:29:03
07e385a690072bdf90e3ee7a12e31e37,010d14f76a229c295260e4ca4744acc7,5,,,2017-12-19 00:00:00,2017-12-20 00:50:14
5505c1cce299b1e0b3f8e4b428417362,0008288aa423d2a3f00fcb17cd7d8719,5,,,2018-02-27 00:00:00,2018-03-02 10:20:40
f7a702f98546f133f23a5922c7c1be20,00e054d0da011d5016f31011af488f4f,4,,,2018-04-07 00:00:00,2018-04-09 03:06:10
d2e01c5597d53456f703db053fa18c63,00a3f1ef430d3984dece2f39d6cbf431,5,O ótimo,"Gostei muito da panela e do vendedor chegou no prazo
",2018-06-07 00:00:00,2018-06-13 17:22:45
7750f9537fc21016d9392ef19661e745,003822434f91204da0a51fe4cf2aba18,5,,,2018-06-20 00:00:00,2018-06-20 17:35:34
e1633376d97c88798ae6f064e4577b98,00f621226c6f4e938348f6f3a71fdc62,5,,,2018-05-18 00:00:00,2018-05-20 13:39:39
561e2666963db41f0c7058dbd85e688f,00975e709cd12c34d3bd44e4a7f7a876,5,,"Tudo ok
",2017-08-24 00:00:00,2017-08-25 18:02:11
d3bc49c36329401e4f845faf9bb6742c,003a94f778ef8cfd50247c8c1b582257,1,,,2018-08-17 00:00:00,2018-08-17 11:30:40
e6e8d985b47a7680bbe8733322683a9a,01422b2c3c27fa3bc464e72eaed9676b,5,,,2018-04-19 00:00:00,2018-04-23 11:17:32
7bbf48933446bc2b6603e1c6fc539ebf,008fab5602c441d51f30b1464f5d4643,5,,,2017-03-04 00:00:00,2017-03-06 00:23:32
43342ac2ebc87d4c1ab43b29e5e41c43,01442602b15d4127a84ca6ac1507ee2d,4,Muito bom,O relógio é ótimo e bonito,2018-08-07 00:00:00,2018-08-09 16:28:27
6e9d54a085eeac8bf6033af7e48d3bba,00e0bac9f6306d8269770acf4ee4b027,3,,,2018-03-27 00:00:00,2018-03-27 16:23:23
fc99f9b6c3693f9326603f9449ab9ee3,0055b77cca3186676c147f532dd2547b,5,,,2018-03-08 00:00:00,2018-03-12 19:42:38
f58325a189b533108ea7141e53ee15ba,003423b755b562962a6225a8de40d12e,3,,,2018-07-25 00:00:00,2018-07-26 23:22:47
08af1a16cca5edd546f4a10b6e87af2e,00125cb692d04887809806618a2a145f,5,,"produto como descrito, satisfeitíssima com a compra.",2017-04-08 00:00:00,2017-04-13 16:42:37
31dd0ceb4410f4cc60d60cfcebfb74f0,006c42f310102c1910b3c5793ce5fc34,5,,,2018-08-16 00:00:00,2018-08-19 12:19:20
ca96cd096375d4c74d0ca1e5cea64e8c,0046176ff0dbc2a178b7885355dfbb71,5,,Produto entregue prazo ,2018-06-05 00:00:00,2018-06-05 21:46:04
4a1c0ecf94443cfa6ff94905bc41cd92,003f9bcc09427647c4b9d361a523545b,5,,Chego antes do previsto bem embalado e do jeito que eu pedi,2018-02-09 00:00:00,2018-02-09 21:58:55
55188756932534d499d5ed1f7b996b28,008f831b7185cff7ab35a46c37d64cd2,5,,,2018-07-08 00:00:00,2018-07-11 12:26:20
7f002c0ea8eab081c295155138f964e7,002f16b7bc4530031b7d90f791b12d8a,5,,,2018-07-07 00:00:00,2018-07-08 00:15:34
7775d17dd35ceb9832b77c6d03e0900a,014872cb0c4fc7695c70484966baa65c,5,,,2018-03-17 00:00:00,2018-03-19 12:19:55
f80fb2b2524681de2aab812fe10ea057,00f2a3509bd600bd1a06a48353788d93,5,,,2018-03-02 00:00:00,2018-03-02 21:30:55
78412bf6c796b43df999fd87750d28ea,002175704e8b209f61b9ad5cfd92b60e,4,Recomendo,Produto como descrito. Mas não gostei pq o som do alarme é muito baixo.. ,2018-05-03 00:00:00,2018-05-06 13:42:10
48a82d740f73ba519ee5faa66c72bc7f,0081ab2c99dc85945c28926b77dc6960,2,,"Pedi HD 500 GB SATA Notebook Samsung R520

1 unidade - R$ 269,00 cada

 
E recebi Hdd 2,5 Notebook / Desktop Seagate St500lm030 Barracuda 500gb 5400rpm 128mb Sata 6gb/s",2018-02-20 00:00:00,2018-02-21 00:14:15
714b8f899b9e039e4fb59ff083935f67,00a174dbf11967d260033fa6ab711493,1,,"Produto chegou quebrado, em uma avaliação inicial nos pareceu ser uma embalagem que não garante a integridade de um produto feito em vidro.",2017-12-20 00:00:00,2017-12-20 22:22:56
91f9113ebcc5de9c0d8f9e6ab3e25ed2,0045f5225a96ef46630701167528fdcb,5,,,2018-06-19 00:00:00,2018-06-20 14:15:41
ec02e8b5acd431a4db9e1f5f712dc732,0071ee2429bc1efdc43aa3e073a5290e,4,,,2018-02-01 00:00:00,2018-02-02 12:46:16
5e8cf40b4400760c62e1a3e99683c0c9,013b811ba81339b7634ab5231c547e6a,4,,Bom produto ,2017-11-02 00:00:00,2017-11-03 18:27:12
fdb58742d2820b140b7b8d52bc11535c,00e5b655df1cc911466758210325c67c,5,,,2017-07-19 00:00:00,2017-07-20 11:19:08
bb9c485f8e2dd38a3af6f38187144722,006127b8b9a1681a982313ed7129c3c0,5,,"vou comprar de novo , gostei e é excelente os produtos obrigado!",2018-03-21 00:00:00,2018-04-05 17:13:26
17d188bc5eb7c658e6fa39f5f35c23c2,00c9d9e61ed13f5bf2f0344da1aa4775,4,,,2017-03-07 00:00:00,2017-03-08 13:05:23
e6514bfb990b35522784418f8e227ae8,00bcee890eba57a9767c7b5ca12d3a1b,3,,Pedido ainda não foi totalmente entregue. Continuo aguardando pois ainda não expirou o prazo de entrega.,2017-07-28 00:00:00,2017-07-29 17:41:45
29a36b1d233f0c446decbb5b894bf5c9,00750f68bb64537034e93554c64b41b5,5,,,2017-11-15 00:00:00,2017-11-19 17:03:41
51b9186876d4708a91786f8517fe7106,000c3e6612759851cc3cbb4b83257986,5,,Recebi td certinho antes do prazo! ,2017-08-20 00:00:00,2017-08-20 19:56:31
3e12fadf24ff72a1e094490784f57a3e,00d831d5c3ea03b7cd6f883ad799c7e4,5,,,2018-03-18 00:00:00,2018-03-20 12:29:53
e66cfd879876752a96f9c035dbde8e88,004ca5ae248069d68e8594df8abf6ce0,5,Obrigada,"Adorei meu produto, e chegou tudo perfeitamente ",2018-06-16 00:00:00,2018-06-17 20:23:06
83ee902798f9036d41037dfae704a80d,00ea33f994bec0bbfda582074083ae12,1,,,2018-07-01 00:00:00,2018-07-24 02:35:56
6ff0c3b38706728bce8d7f1390fba9be,010efe60bdadc9261d1902f3c1dda5f3,4,Recomendo,"O produto atendeu as minhas expectativas, recomendo aos interessados!",2018-06-16 00:00:00,2018-06-18 10:41:42
8928004690de207823c49726ee9d53df,00921e4911895b93c7b4fc0d80c0815e,5,,,2018-06-21 00:00:00,2018-06-25 14:09:28
e6c8f2ab517ef19dd0a02a771fecc827,008a40c2b8b21893e04945ce58854b55,1,,Esperando o produto para avaliar ,2018-05-09 00:00:00,2018-05-09 21:20:32
2a74b0559eb58fc1ff842ecc999594cb,0035246a40f520710769010f752e7507,5,,"Estou acostumada a comprar produtos pelo baratheon. Super confiável, transparência, qualidade e agilidade. Super recomendo.",2017-08-25 00:00:00,2017-08-29 21:45:57
68b49cfcd9420c6ad09af97ea8268e7c,001ab0a7578dd66cd4b0a71f5b6e1e41,4,,Loja rápida na entrega. Só houve um incidente pelo fato de não vim o produto escolhido e sim um similar.,2018-01-18 00:00:00,2018-01-25 03:07:10
5b3b77da45b1f53831324a3362e14d41,00f5fbdc777e8198c1ee008122e28ae3,4,,,2017-08-11 00:00:00,2017-08-11 16:09:46
5e4e50af3b7960b7a10d86ec869509e8,00048cc3ae777c65dbb7d2a0634bc1ea,4,,,2017-05-23 00:00:00,2017-05-24 19:00:09
ab30810c29da5da8045216f0f62652a2,013056cfe49763c6f66bda03396c5ee3,5,,,2018-02-22 00:00:00,2018-02-23 12:12:30
f72cb5a49cf65547bcf2889d2285270d,0124e0c5bfae1979838a91e47df53f14,4,,,2018-02-16 00:00:00,2018-02-16 22:30:23
644926b134945775fcc996aec98f3680,010ff1cfe12f3094577e72b7bcecdf98,3,,Comprei um produto e veio faltando na entrega... ,2017-10-20 00:00:00,2017-10-23 23:17:06
fcec1f83cec286d398e21eec6e29ef7d,00e7aeced1d61792368ec7bf8b967a90,4,,,2017-05-05 00:00:00,2017-05-06 12:58:49
8d697839be8221452e9d4f96347d0612,0148d3df00cebda592d4e5f966e300cc,1,,PRODUTO NÃO RECEBIDO,2017-09-13 00:00:00,2017-09-13 16:23:19
72bd80534b0e73c14829319464e72cdc,0066a1fdaee16ad5022c5ef979d0b661,5,,,2018-06-17 00:00:00,2018-06-19 23:25:15
e580b8c03cc6c1cd55ae874f699842f2,014e36af18c280a94d880a16b2f00713,5,,"muito bom, rápido como sempre",2017-11-10 00:00:00,2017-11-10 19:15:10
0b85533916886ec08bc515ba160ce0c4,00f1bb0af030935db1745ee28367ea26,1,,,2018-08-19 00:00:00,2018-08-21 17:47:23
14f0810885e1daa91bb78878cba6da41,0029c5db35ef291ce99d1262012e7daa,4,,,2018-08-31 00:00:00,2018-09-03 00:48:34
05963dcfbde31057b421fcff02bb4da9,0119e98feb97441cb456c010c25b04ff,5,,"Entrega muito antes do previsão. Produto na validade legal e em perfeito estado. Excelente.
",2018-02-01 00:00:00,2018-02-02 14:11:32
8f81195f65aa1adb005c86f7931e8589,012f29911fcd2f1209d937741a6bbc6f,5,,,2017-05-23 00:00:00,2017-05-24 17:31:17
88b8b52d46df026a9d1ad2136a59b30b,00e7ee1b050b8499577073aeb2a297a1,4,,,2017-05-26 00:00:00,2017-05-30 22:34:40
b395c14e0be3c47632ab3a9ecf0e8201,00c42b1633c1b2fa4e937bf312466561,5,,,2018-02-09 00:00:00,2018-02-09 23:31:14
3f9a735e3351a7b5159a4d1691a0b9b2,0035c0b07126fe9c24a325216fb96064,4,,,2017-12-08 00:00:00,2017-12-09 02:28:07
708d3528f7c13301bdad8f80b845ea64,006df90050498994d670b40da4651d22,5,,,2018-08-16 00:00:00,2018-08-17 12:05:23
4155833440f10909211f327371428bd6,00a12754417a49a9dec20361849aa917,4,Recomendo,,2018-05-11 00:00:00,2018-05-17 00:34:10
1bbfd50bad517dbeb993926d510272b5,00a4d94df1c9757661679b2f4bd6d311,5,Ótimo,Ótimo,2018-05-08 00:00:00,2018-05-10 13:48:59
7e92c32ae297ef950ee69781d9f1760c,00061f2a7bc09da83e415a52dc8a4af1,5,,"A caixa do produto veio com uma pequena avariação, mas de resto veio perfeito...",2018-03-30 00:00:00,2018-03-30 04:04:56
59042599ce5a42dfa44c02948b5c46b2,00ceda91cb2ded8570ca73e70571740a,4,,,2018-02-17 00:00:00,2018-02-19 18:19:12
62696170537b9f2033e80ddbf5667bf1,00fdb72e467da6f3b000b19b368a6cf6,5,,,2017-11-01 00:00:00,2017-11-01 22:35:13
8278f8f8baf225cb959254c4c73568f3,005f25968fc854ea16fb16f5bdbc87c7,5,,Adorei como sempre entrega rápida e produto ótima qualidade. ,2018-03-21 00:00:00,2018-03-21 23:26:32
28352065da2a697da1f83e4a128f64ad,00af3d9ddff7f256e83d79247dbe1a9f,5,,,2018-03-08 00:00:00,2018-03-11 04:22:36
b0c6af585a16552e3ac5b441271c907c,009e11afa25aa95ae78e60a793995c9b,5,,,2017-11-01 00:00:00,2017-11-02 12:42:33
89a02c45c340aeeb1354a24e7d4b2c1e,0035246a40f520710769010f752e7507,5,,,2017-08-29 00:00:00,2017-08-30 01:59:12
809f1ce4510bc2fb5d1b94610e529c7c,012a238ab54294a3b365812ccc82b135,4,,Chegou antes do prazo.,2017-09-20 00:00:00,2017-09-21 18:48:01
28838057a89892189cccbde97e7d80ca,00b4c651133c06fb175123a492f1cac3,4,,Entrega muito rápida.,2018-08-24 00:00:00,2018-08-26 18:41:21
fdae91f394183e7509686b6001b769e2,008d9bf350ff02ed444b3452cf3f57e0,5,super recomendo,Extrema pontualidade e ótimo produto.,2018-06-14 00:00:00,2018-06-15 15:14:27
974e17569a12138629ff031e5982e32b,0044c6f6d22dd280534344177c81b989,4,,,2018-06-05 00:00:00,2018-06-06 14:24:23
dd71360a5cfbdf6fabf5bff418e3513e,00664284de7a3470d22931ed78615ee4,4,,,2017-10-04 00:00:00,2017-10-05 02:01:26
181558c031e9a0df40cee5e873eb379d,00f6ac4816d12f49026b09f2aa77d15f,3,,"BOM ATENDIMENTO, FACIL DE COMPRAR ENTREGA RAPIDA.",2018-08-14 00:00:00,2018-08-14 20:35:57
b4e8ec7012eef81503df0e1e6c65f281,00588f5f20fee630b83d4709e0a42715,1,,"Recebi o produto, porém, veio com defeito. Não funciona, nem se quer liga. Já comprei vários produtos pela Internet, inclusive das Lojas lannister. Estou insatisfeito com este q comprei. ",2017-08-31 00:00:00,2017-09-03 17:29:44
3b9a423bdbe8734ddfeb09bced16e5d9,000e562887b1f2006d75e0be9558292e,3,,Bom produto,2018-03-13 00:00:00,2018-03-13 23:03:22
787a452b54147f8f64737b1e040234af,0009c9a17f916a706d71784483a5d643,4,,,2018-05-01 00:00:00,2018-05-01 21:14:43
13de33fd67cb2f1a941f7a0cd217d577,0025081dcf9330f9a5052ae82c6ce396,5,,,2018-04-06 00:00:00,2018-04-07 11:41:49
9d69d3d0d3cebcc39eeadb453905388f,002691433f09002ac9ca0c4e8dbb8ead,5,,Chegou e está OK.,2017-02-08 00:00:00,2017-02-11 13:47:50
7b07bacd811c4117b742569b04ce3580,00018f77f2f0320c557190d7a144bdd3,4,,,2017-05-13 00:00:00,2017-05-15 11:34:13
1e364417d579f43eb3ea4f4eafe289db,002af7fa9eb99d1456bceb6a13d6fc0b,4,,ok,2018-03-13 00:00:00,2018-03-23 22:20:28
6b2b6be95a8f710afbba4f3d8f6bd642,00f1c7c1542f5f86c3091749d9e939d8,5,,"Amei produto mt bom, nao sao todos pinceis cerdas naturais mais a maioria eh. Adorei alta qualidade os pinceis to apaixonada ",2017-12-27 00:00:00,2017-12-27 20:39:23
ed90272bfebd71826ce6620baff11b03,004b62108b876867938746ad3154167f,5,Muito bom fornecedor,Chegou corretamente e antes do prazo! ,2018-07-13 00:00:00,2018-07-13 22:14:40
b6cb3817d609e80a0ed2c4fc9583e9ec,00ba414462370af2d76195d12e0d5481,5,,,2017-12-17 00:00:00,2017-12-18 12:18:53
2820a27cb81757fc08f3241188130070,0078a358a14592b887eb140ef515f5ab,5,,"Muito lindo, ficou perfeito na minha cama.
",2017-11-22 00:00:00,2017-11-22 22:04:37
c97a9791ae651d85c75a27e9df56d7d1,00bd2cb7e9076e1ccc9f766fc01a4cfd,1,Cartucho HP Genérico,Cartucho genérico sendo vendido como original.,2018-05-01 00:00:00,2018-05-22 18:23:54
35f26611c00c2632ba92df91ef05229e,002834535f7a609a5c68266f173fa59e,5,,,2018-08-11 00:00:00,2018-08-13 11:34:35
32e2c7e889f7a185d462265398ee3631,00d9ac423c9ad6781c0ed04e87666691,5,,,2017-10-21 00:00:00,2017-10-22 00:47:25
2d1188a2d2ee61107412d6f175d8733d,00fed9e582d5a3e38566872eec164ac6,5,,Lindo,2017-10-10 00:00:00,2017-10-10 19:05:50
8da5acdc2565178f11edb57558d6aad9,0097aafe2a01dd54e39888976160c377,4,,,2018-08-29 00:00:00,2018-09-01 15:44:44
81c4070474d420a77a2254b8a5473f6a,0014ae671de39511f7575066200733b7,5,,,2017-06-08 00:00:00,2017-06-09 14:25:13
8217b780a5ec285d426e1d6d07f38d5d,00af53fdc2002f5b6a8f16db648e003b,5,,bom produto,2017-07-04 00:00:00,2017-07-07 13:38:34
be70d163e1ab9bbfa1afbb223d174129,013037c3f1773cc8fdbaf8ff54d8013b,5,,,2017-04-04 00:00:00,2017-04-05 11:35:23
de23c38fb03573b2fd75e8099d50fa06,0136390286be8a34efdc801ed150568f,5,,Recomendo ,2017-07-25 00:00:00,2017-07-25 15:27:14
ba0252394ceecca6d0e9803d75182eb5,002955b0acc63d04f6724a31967e82bd,5,,,2017-12-27 00:00:00,2018-01-02 13:37:52
14b13dae5b13a5e64aa90f29a72def7f,0115f8bb1dc16d3fac863ce1deb037b6,2,,,2017-07-08 00:00:00,2017-07-09 02:20:19
8cb0fce73190d6aa1872be4099d5ffd2,005e5166e99d1e4d0c4f808b0540ba94,3,,Ainda nao foi entregue o produto,2018-03-21 00:00:00,2018-03-21 17:00:59
6656126d5cd931d877987a2216a2b679,00cb18db3d9c03f8386e7fc70cad2504,1,,A mercaduria nao fue recibida e nao te ligan para avisar da entrega. No app deles nao colocan a previsão de entrega. O que confunde muito.,2017-07-20 00:00:00,2017-07-20 23:50:39
2d378519c3104207e05d5803e9d36ddd,007beb35f98c075747e6fc4fd1c0cb73,4,,,2017-10-05 00:00:00,2017-10-11 12:02:15
a2e8caa48a548a3092bd6da08dde08db,00d15ff0236872686e4899ed1ce680ad,5,"ótima, recomendo",,2018-08-22 00:00:00,2018-08-23 16:30:47
fcc8036cbc68c3a4a201572a174d1239,014176e9538672a32d2a9b73bf53a31f,4,,,2017-12-20 00:00:00,2017-12-28 09:58:09
93611e0327d6a1769d1e68cf3caa242d,0113affd907a209209ab08413bb54226,2,Produto não condiz ,"Produto comprado foi Moringa em cápsulas, a qual, já fazia uso porém de farmácia de manipulação local. Este que comprei agora não faz efeito algum.",2018-08-01 00:00:00,2018-08-02 20:29:44
a555fec0a2d54ccb104762e54f058603,00a250dbdb3153cc6ecf4d3f07ef6a17,2,,"Fiz um pedido de 4 itens, ele foi separado em 2 entregas. Só recebi 3 itens!!! ",2017-12-17 00:00:00,2017-12-17 18:25:11
d28dadae6398b459a81d87981cdd3d98,00a379dfab816a83741012b71b264098,1,Não recebi o produto.,"O prazo de entrega era até dia 08/08/2018 e até agora dia 10/08/2018 não recebi o produto. 
Completamente insatisfeita.",2018-08-10 00:00:00,2018-08-10 16:52:14
6d946839ffedb9a14f413bae0c16749e,00dc6ad47477b3b62d3c0acbe98a82a4,5,,Quadro muito Bonito. Fica perfeito em qualquer ambiente ,2018-03-16 00:00:00,2018-03-17 01:31:10
f8f959353d5937967e028608066483d8,0124f01177fc17cf20e1974621fd759a,4,,,2017-05-23 00:00:00,2017-05-26 18:06:04
7e95e1759cd33a290d055cd90f07b500,00d1289d5125017a90e528b5a7cee91f,1,,,2018-04-08 00:00:00,2018-04-08 11:45:40
8e4d827b1912b0a9721487a78a9f31fc,0132f39e8ad9b42ad2d41c847f44c0ed,5,sim,Muito bom,2018-07-07 00:00:00,2018-07-08 01:41:39
dc2986ec0f6f6b2238ba9b0c853d3e59,00335f75ea6a4455b524a8dd177067f5,5,,,2018-05-04 00:00:00,2018-05-07 09:42:41
09e73c4728b6052f2a9fd5ee7b6221f8,00611822267e76e0055c25c18506f06e,4,recomendo,comprei a família incrível em 26/07/2018 e chegou em casa 31/07/2018... me surpreendi!,2018-08-01 00:00:00,2018-08-02 12:49:34
5bbe559187a5362158dbe3cda22b414b,00ba57ae98928df6ba6ec9d3d8d4b1b7,5,Excelente,"Chegou bem antes do prazo, o relógio é lindo!",2018-07-27 00:00:00,2018-07-28 01:43:51
95aa16d51abe6916225a97c15ed0459f,009fa9bd0d92710e840793bfefa80867,4,,,2017-07-09 00:00:00,2017-07-26 20:50:53
9ac0d21c5a68db82057a8976875fa61d,0084e195fbd72ae51599af47f04afede,1,,"a Quase 20 dias aparece no rastreamento dificuldade na entrega, ja mandei mensagens e nada fora feito...ja esta em atraso de 5 dias da data prevista e sem providencia do site das lannister..
fazer ",2018-04-12 00:00:00,2018-04-15 15:24:52
011f1e2ec26785d96724be3856e60055,002611a77fe03d076285fd4ca95db77c,4,,,2018-03-23 00:00:00,2018-03-30 13:42:41
ef8a9e9722a9ce84cf5a0936b7264f09,014e78d1239f19fdcafd760d3e52f923,1,,Até o momento nao recebi o meu produto. Esta na hora de abandonar o correio que esta um lixo. Verifiquem com aqueles vadios dos correios se irao entregar ou nao o meu produto. Aguardo retorno.,2018-02-28 00:00:00,2018-03-03 14:59:02
397312c9f147d1a22bd3108f1d5dd42a,00571ded73b3c061925584feab0db425,5,,"Gostei muito, sempre que precisar irei comprar.",2017-05-31 00:00:00,2017-06-01 00:46:57
5cb33274cef7409dcf18e56f4fb79c66,00f2c876aa08fbba04199823952e96c1,3,,,2017-04-19 00:00:00,2017-04-22 10:21:21
54adef4b14a94b081b5b5e0606bee348,00ec95a58b63378d4cc06d196cdefdf6,1,,"Eu tinha cancelada a compra, mas mesmo assim me entregaram",2018-01-04 00:00:00,2018-01-04 23:25:32
b3dcedadaed163a8399075eadf60581c,00276d5c3491fbf55305e26891040df9,4,,,2018-03-17 00:00:00,2018-03-19 19:34:18
77c21509e2097c5df90c095e03c41a7d,012ea594e035047289b3e7c3f8b90cef,3,luminária ok,precisa ter a descrição do tipo da lampada no anuncio. é 12v 50w filamento que esquenta,2018-05-10 00:00:00,2018-05-11 01:53:45
5c0b7e34ed85ec659bb064902d878e7a,0005f50442cb953dcd1d21e1fb923495,4,,,2018-07-05 00:00:00,2018-07-05 23:17:04
82588c155bfa9331acb3f976fe040c4b,00259a44fcad3fc0474329e925d14fc3,4,,"Otimo vendedor
",2018-01-05 00:00:00,2018-01-07 21:46:43
07664fd6bf5b5dd5ea7a79812775d2ae,0114835d7f0b3f674b70a989411e31c1,5,,,2017-09-05 00:00:00,2017-09-08 18:13:19
6f59fe49e325d2ff33a4deddea6dad7e,00ace652c8a5072670f30674e5f19844,3,,,2018-02-20 00:00:00,2018-02-20 21:57:49
61d37d0493b0a3f3bacd45fd91c21a76,00a0116ff15ff973ea16bee881208ae7,5,,Funcionou perfeitamente no meu ar portatil springer 12.000 btus,2018-03-04 00:00:00,2018-03-05 03:50:11
8bed6958acd24a6b959a23a6b0fbec4e,0094d4660e323945f84f5c29eb348aae,5,,,2018-02-06 00:00:00,2018-02-08 23:23:05
58b68053a676fdf1d4106e0daf65a0e9,012b3f6ab7776a8ab3443a4ad7bef2e6,5,,,2018-05-13 00:00:00,2018-06-01 16:04:43
7428934dc38633d863711567fcc1d567,002c9def9c9b951b1bec6d50753c9891,4,,,2018-05-19 00:00:00,2018-05-21 19:39:17
d7f07b2b408422e5bbf4608fd36b37d7,0028de0ca693a1bb26448916a81105cc,4,,,2018-08-29 00:00:00,2018-08-30 01:44:58
f1ad116b3cd3a668471e641bece92f7f,0030ff924c38549807645976adeef2c0,5,,,2018-04-17 00:00:00,2018-04-18 09:17:45
f4028d019cb58564807486a6aaf33817,00024acbcdf0a6daa1e931b038114c75,4,,,2018-08-15 00:00:00,2018-08-15 16:39:01
8a4c2e0e0ac32c7324b46b08bb0b5d7b,0064d74f7de7917d54768d7722ad56ac,5,,,2017-09-15 00:00:00,2017-09-16 11:09:37
377945166e0e849efe16da428aba83ac,00949655cdd8d0465e433a5e6c9643e5,5,Execelente vendedor,,2018-06-29 00:00:00,2018-07-01 17:00:44
73bedd3ee6355c16e28ac83690f8720a,0149c597dcc0963d7315f904495b631c,4,,,2018-05-01 00:00:00,2018-05-02 04:45:04
16dd1214a6f9a62fa22ad4830aa479c2,0036887767dea4bd43b1a88cd0d9477a,5,,Muito satisfeita com a compra e com a empresa!,2017-10-24 00:00:00,2017-10-24 19:41:59
11b7d47518bfd0ac4518c1f08c31f3e8,007bbb40c95870c0f75a7855f2636c65,5,Excelente,"Produto de ótima qualidade,muito fofo e super macio.",2018-04-27 00:00:00,2018-04-30 02:13:40
a6209b818df2c7684958f159ec0e6a4f,00c9f7d4b0e87781465e562dc109f6aa,4,,,2017-06-02 00:00:00,2017-06-04 11:47:35
4a27917375f4e53b41e52e201eec1739,012eab2625c5f8aaac6f37f2c19ef62f,5,,,2017-11-15 00:00:00,2017-11-20 06:41:36
a0729512464ea56a9327f3c4343f564f,012e93f8170eb75b2f2f650629d04517,5,,,2018-02-08 00:00:00,2018-02-11 21:08:45
219cb56781473bd4ee7023459372d25c,0046e1d57f4c07c8c92ab26be8c3dfc0,5,,,2017-09-30 00:00:00,2017-10-02 00:13:27
674c3073abf793f0da74ed3e1a029900,011a43bc9bb525517251ebb3ebc99b69,5,,,2018-05-01 00:00:00,2018-05-02 23:32:23
16b283e80d776c46baabf45eccabb112,00f86b368251d739f1896d41469b2b7a,5,Bom parceiro,Tudo certo recomendo,2018-08-29 00:00:00,2018-09-01 19:55:23
c84fd86b1e3ca4e8bcd4335f5e974160,00f8fc0cb9d9b7813f1f54fbd75426f1,5,,O produto chegou antes do prazo previsto.,2018-02-02 00:00:00,2018-02-04 00:12:44
4377f5b8083a562048accc7d6900973b,00d29386638bbfd1331a2cd7ab91b5b5,5,,"Capinha veste bem certinha, não atrapalha nos botões laterais, pois é bem maleável. A película não colou completamente.",2017-10-05 00:00:00,2017-10-07 20:12:48
fcc5ea863d8c062899f2e4e32889eb7e,008dc31c0ae7121f2791953ae5f532c3,5,,,2018-01-30 00:00:00,2018-02-01 12:19:26
ba1095d3d8706d4f7db077ce305e75fe,00bd50cdd31bd22e9081e6e2d5b3577b,4,,,2018-01-23 00:00:00,2018-01-23 19:09:17
bd1dcfd26e525cbbae5ec69ddd506c29,007ec946d4f798caf2b43c9d44c56421,5,,,2017-12-07 00:00:00,2017-12-08 08:43:36
174a50ecc3181301a3585ff14ab5f98b,001427c0ec99cf8af737bd88e92fd444,2,,,2018-04-26 00:00:00,2018-04-29 11:07:36
039ef96530dd7e9ce0910d86a129103f,01115c06246220def210911556bdc0e5,1,,Recebi apenas 1 unidade e comprei 2. Tento ligar toda hora na lannister.com e não consigo. Já enviei reclamação e solicitação de resposta varias vezes sem retorno. ,2018-04-04 00:00:00,2018-04-04 10:49:50
27efd1b64b5b9d292ba7ac4c35bfa8ee,007c7cb12ef3567531307ca78d395758,2,,,2018-03-13 00:00:00,2018-03-14 11:03:34
896e022be4ff3920f1c4fec42b4bb73b,00998f38df3012359ef195ca75ebb329,4,,,2018-05-19 00:00:00,2018-05-21 18:12:48
25434b3dfb19d0aafcf17660729504bc,00cb9736c0b43d6c1e2fbb2b88e69f6a,5,,,2018-02-17 00:00:00,2018-02-20 14:13:48
f5abe05962e90915a4b48b2a12327ace,011c899816ea29773525bd3322dbb6aa,2,Achei estranha a embalage,"Recebi o produto numa embalagem de papel, geralmente esses relógios vem numa embalagem de materiais duro etc, fiquei com medo de ser falsificado. ",2018-05-16 00:00:00,2018-05-20 11:58:09
c13699f8e389acea5f406e527f0edfb3,00482f2670787292280e0a8153d82467,5,,,2017-02-16 00:00:00,2017-02-17 10:32:17
db9367af3aa46701c92947007fd9e03e,0122e81ff800460e44bb9c983ff2a2fd,4,,"Compra sem problemas, produto OK entregue no prazo.",2018-03-29 00:00:00,2018-03-30 01:42:06
7ad526713c05aef02533f1dd26da23da,01218a8a807fc187849529e6f12237a9,5,,,2017-11-02 00:00:00,2017-11-05 01:08:08
fe834b106b4db9ef005f6af87609e264,00f1a34f176151c4dcbd802c244e1072,5,,,2018-08-23 00:00:00,2018-08-24 16:47:36
11f5075589083d80ba9698a5b8e3b85a,00cfabbe2a93b70beeec4894f86712a8,5,,tudo ok com produto e entrega,2017-06-23 00:00:00,2017-06-23 23:21:07
1fa91563e11a3d1a10e7bbb68399d365,01235dc626dcf13283207ba7f36a959a,5,,,2018-08-07 00:00:00,2018-08-07 18:19:23
18919e64014d2dee5a2ebf850802ec61,008cfe221ab054c89bc31720098cca51,3,,,2018-08-15 00:00:00,2018-08-16 10:28:18
b556d50a332264879cd04f5a267efc48,00b47ee856118583dbec7d1f9b18d847,4,,,2018-04-10 00:00:00,2018-04-11 15:53:20
9cac16db2e83912be43f32354c9f120f,011375f941b3695c3c3ee58bfe0d3655,5,,,2017-10-07 00:00:00,2017-10-09 22:24:43
b0a328e40d9916676955c5079a669420,01311f2795d8463a11f9422173687696,5,,,2017-11-08 00:00:00,2017-11-26 10:39:07
0060224a4750ca9f2df557474bcfb605,00a13ab02fbe82f78cd84f14e41564ed,5,,,2017-12-15 00:00:00,2017-12-16 08:09:37
1058e995a9dd28f58bff16e0ff114417,011abf147a69ba486bae3a74b6cd1814,5,,,2017-05-23 00:00:00,2017-05-23 23:22:16
ea56517f21f9a2ccde6047f836c76fb9,00946f674d880be1f188abc10ad7cf46,4,,"Entrega rápida, no prazo. O bebedouro é muito bom.",2017-12-18 00:00:00,2017-12-20 15:00:30
ac791c0d5046bf28183b385b303dec25,0143924743f240e1fdcd6a8918fbe147,5,,,2017-07-22 00:00:00,2017-07-25 22:45:10
8310a5e3eba617e7001736220b7afc51,0079bca8e89bd52fdb87408e4f3fb94d,5,,"Segunda compra com esta empresa, muito bom o produto e o prazo de entrega sempre antecipado ,muito obrigado!",2018-05-09 00:00:00,2018-05-10 01:13:03
396eacbff771557619771e8d4b58ee77,002f19a65a2ddd70a090297872e6d64e,3,,Minha mercadoria não chegou e ninguém entrou em contato para resolver nada...,2018-04-18 00:00:00,2018-04-20 05:01:01
446f85d6a0b245da5e2884422dbe73ef,00f98eaeddb9debc8df8cb27e08216d4,5,,Entrega rápida e produto bem embalado.,2017-10-24 00:00:00,2017-10-26 15:11:20
1b3107b34780f9287128e02c3b4022da,00d4439957b7fd3f8da4a33a965817fb,5,,Ótima entrega rápida excelente loja comprarei sempre .,2017-05-04 00:00:00,2017-05-08 16:37:27
28b8de03073719ee531b07a5fe97228d,00fe20fc069833ab95021b46d6862646,5,Muito bom!,"Gente recebi meu relógio em 2 dias, muito rápido, o produto certinho, estou muito satisfeita.Recomendo!",2018-04-28 00:00:00,2018-04-29 13:25:04
51185d0df3927488308d31360c734f5a,010e7dda85fff564e8b7076ae3928efb,1,,"vou avaliar quando receber meu outro produto.Comprei dois do mesmo e recebi um.Porttanto, não considero que o pedido foi entregue",2017-12-13 00:00:00,2017-12-14 10:33:08
5c21268a0f8bae726edb3aa4db3e6bde,0036757472ece3dde52fd4bfd929c90e,2,Mesa com cavaletes ,"Demora absurda para entrega, dentro do prazo especificado por eles, mas ainda sim muito demorado!",2018-08-10 00:00:00,2018-08-14 02:57:36
85da16503a576748ee5544bd8a5b9355,002b4e6fa42cd4a22cc86abc18fe9c05,5,,Produto de bom custo beneficio.,2018-03-20 00:00:00,2018-03-21 09:57:37
3ab67a77b18d6752676fde29dea5e346,01029b44abe6e15c8df48b1b759ab437,5,,,2018-07-06 00:00:00,2018-07-06 22:34:46
71d5dd15707c2463aaf6bf469460337c,003a7f59d7e08a9c61d9e2881fe6459c,5,,,2018-08-28 00:00:00,2018-09-02 20:38:38
1422561645d5ca46cdf7e2b37e162c0d,00d50baf1bc56a3c59de1810a6b84b0d,3,,quero saber o motivo de não ter sido entregue o produto - 2 pares de anjos de rede,2017-06-25 00:00:00,2017-06-27 11:53:57
4473352c621784b3251766ad8cbfa984,0084209c576daad6ff4534902fcb4892,3,,,2017-07-19 00:00:00,2017-07-19 19:35:57
748bb9e62140cc4a7a3a6d871569451e,011667ae100a333a3051c9a23e3f0283,5,,Entrega bem antes do prazo extipulado,2017-12-08 00:00:00,2017-12-09 11:33:20
963e12d9a7c84e15c199bb5f062e599f,001e7ba991be1b19605ca0316e7130f9,5,,,2017-03-29 00:00:00,2017-03-31 14:40:45
182365ddd5d2262fe3152df43225a78f,005997dca4c1fc45066d0a03d54a6469,5,,,2018-04-14 00:00:00,2018-04-15 08:06:28
4fc2f7b9e0e4c5c672ff6de75d37ed4b,00f7c5b41250e0126ced62d612ff4711,5,,"o prazo de entrega , muito antes . otimo, eu adorei. ",2018-01-24 00:00:00,2018-01-25 15:06:43
d78aa3d7bd8479bce9500c7b35fe0357,011f9dff2545a2cf8ac1809faed3ec88,2,,,2017-08-10 00:00:00,2017-08-11 09:58:45
84a40189927f97f05285dc6f841a7561,006557c3221c1fcd02b0106343ab357b,5,,,2018-03-03 00:00:00,2018-03-06 02:07:14
c8ab2a6e0022e1db1f92e4bfeb57f724,00bf1320ffb5fe47a845feca16c0e0b4,5,,Loja recomenda ,2017-10-27 00:00:00,2017-10-27 09:20:57
3bf1853a5cc1c40ba2fc20bb37967e09,00ed64bc080d87b4ab7f0c433bc5e98f,5,,Muito bom,2017-06-08 00:00:00,2017-06-09 00:46:42
6bcec201f01e14dac82b5dde47209a53,0132d77609dd6e1867515ec57d898c10,4,,Recomendo essa loja,2017-10-10 00:00:00,2017-10-13 01:38:59
6ef7f7fe808269bfcaa4ff5a3d1b1bb3,0029f17cf0e7640c5cb6825af681303f,5,,,2018-05-11 00:00:00,2018-05-14 13:13:34
e0a8a3c6ad3e841b294a4aa387faad52,00f426c7214575822c3cb44ea59ef0f6,5,Muito bom,"Veio tudo certinho, eu super recomendo esse produto.chegou antes do previsto.
",2018-07-26 00:00:00,2018-07-27 11:45:51
59617f7d53e405d92785018fad00b90e,0101aea69a09e1aa32caa6dbaba98503,5,,,2018-06-17 00:00:00,2018-06-18 13:48:35
9f84ea8a523ca1c8801460890ae82663,004ba47bb589cdbc485e6025bd6d3c81,5,,,2017-12-30 00:00:00,2017-12-31 11:07:46
97ca439bc427b48bc1cd7177abe71365,00010242fe8c5a6d1ba2dd792cb16214,5,,"Perfeito, produto entregue antes do combinado.",2017-09-21 00:00:00,2017-09-22 10:57:03
a015d06ca41cdcf47084943444fa27b9,01358622f65717728b3b2ec2cf4e8812,3,,,2017-11-01 00:00:00,2017-11-02 02:24:21
1907db2f7d12a28d0d59a6be497f038d,010d15deea8cae96ae86ea8097917a17,4,,,2018-04-18 00:00:00,2018-04-24 20:39:00
5e76628e62cc4cf41a3b8332a151622e,011405ae7b89def8ffb3468eb29c299d,4,,,2018-05-10 00:00:00,2018-05-12 17:04:05
7ff02a61c340c864ca6c4fb11e0675b9,014fc889637133d9075190ba873dfc03,1,,Bom comprei uma capinha Sony xa1 e veio xa1 ultra a película também veio errado,2018-01-25 00:00:00,2018-01-30 19:13:26
82a6bee6c7c4e62f4dbb17b8dd4b989e,00fb055886536063afa0dbee07a0944f,5,,,2017-06-02 00:00:00,2017-06-05 10:36:42
2668a27b2dca9e659dcf3b58e2a5d7d5,008ce8764db2e397e153000e017475b6,5,,,2018-05-24 00:00:00,2018-05-27 00:18:31
042e7423077b3c5fb84b3c538bea47e0,00c8be06a8029e300dabd52c7d4c6ad2,5,,Produto cfe o anunciado! Entregue no prazo...,2018-02-28 00:00:00,2018-03-01 00:49:31
4910a0d41fca570cb921f0090ed5c4f8,003cc6161d7a2593f2525cce0c330d32,5,Muito rápido a entrega! ,Amei o conj! Foi entregue rápido! O conj é perfeito ,2018-08-08 00:00:00,2018-08-08 22:10:40
3f0b17a6e67885ab5eab4a07f5f71918,00beb247698c6aae94e3f859d279e2cd,2,aguardando para avalia,Aguardando para avaliar ,2018-05-30 00:00:00,2018-06-01 22:17:17
a772ef874558736ae6892d83493fa6af,01156b662f3f47b249b5a8881d205f08,5,,,2017-09-28 00:00:00,2017-09-28 23:18:37
ef2ae354ddc887baeb9f400ac05f260f,00bdebefeb760588a3425fad9dfed3d9,5,,,2018-03-15 00:00:00,2018-03-16 13:13:19
8cb8a9c63307618f214c42789262aea2,0095790a64527ec83aeaaf99023c050e,5,,,2017-12-13 00:00:00,2017-12-13 22:00:26
940144190dcba6351888cafa43f3a3a5,00042b26cf59d7ce69dfabb4e55b4fd9,5,,Gostei pois veio no prazo determinado .,2017-03-02 00:00:00,2017-03-03 10:54:59
c7ae6b7ce2981450a84ea641f5b64dc0,00dfb074b5c910fbd08e04691c4b712f,5,,"De qualidade e entrega antes do prazo.
Recomendo ",2017-06-16 00:00:00,2017-06-16 22:47:27
40c67c837a6a1a69b3396c121ff9cc0a,01074135a88ffa5978eaadfc7f482f2b,5,,,2018-04-18 00:00:00,2018-04-19 00:45:03
a5445882ffc3019a22c09498da727100,00e6786fee8f476835c151a4d3fa9bf1,5,,,2018-03-22 00:00:00,2018-03-23 20:20:45
a9f67d4d31e4a27dea57c4b8db68e1a6,011105c3b5b8693eda1bfb1f152cec2a,2,,Não recebi o produto ainda.,2017-08-09 00:00:00,2017-08-17 13:25:55
673656c6a0a7245bc967eb5c5871b825,0113c9989fe6e5007795daec0633b405,4,,,2018-06-30 00:00:00,2018-07-03 08:37:06
c2d8b9ccf439d0bd793ce458be78f738,00f57f2ccce2a2e3f393fe8f5e616e0d,5,,,2018-07-17 00:00:00,2018-07-18 19:23:22
2bf3890219fda8d54c35c8b70253fb7f,00345f338696283410b7977d2e3efc89,5,,,2018-08-31 00:00:00,2018-09-02 16:58:33
6322c405c0f34bf3ad870fd1a6b1fced,0006ec9db01a64e59a68b2c340bf65a7,5,Boa,Excelente serviço de compras on line.,2018-07-31 00:00:00,2018-08-01 23:05:10
f57ff1aec07193a06f4fc055cc660091,00ab210695a17fe10e6b23616ae5bc97,4,Boa loja,Bom ,2018-06-20 00:00:00,2018-06-21 11:22:52
7e62fffcba18d00947831fde1d36fc7d,00eef7fe9e315a85d1a61a50cccb2494,5,,,2018-02-25 00:00:00,2018-02-26 17:56:10
27c3a25574444e27146a2947293b5759,01237c761ffb72594a466ed514518af0,5,,,2018-07-11 00:00:00,2018-07-14 02:25:33
0ae6b9f0a26a4300075e146a1dd38516,00ad1a02d4d9decad15c7e8f8a9470cc,2,,Frete muito lento! ,2018-08-18 00:00:00,2018-08-19 17:11:48
225b6952d36e8d5d5c46f0faae4c9827,012973f4cb6743d00d7e2644ddc8804c,5,,,2017-02-07 00:00:00,2017-02-10 03:47:02
c387f66eefa39ad9538f89141f929b53,01255808a3d38a8dd69aa93265a4cb88,1,,produto melhor do que o esperado.Valeu,2018-02-02 00:00:00,2018-02-05 18:08:22
7ecb82e62756c3a6b40c9db6a00b9b9d,00b2d2f2b5f7b98e6b1828764660134e,4,RECOMENDO ,"RELOGIO LINDO ,POREM ELE É PEQUENO ,ESTOU ACOSTUMADA COM RELOGIOS TIPO FAUSTAO RS ,MAS ESSE BEM LEVE ,SÓ QUE VEIO CAIXA DE PAPEL BEM INFERIOR POR SER CASIO ",2018-08-16 00:00:00,2018-08-17 11:00:30
06f45fcd8b9b54c30b0de110eb849228,000e63d38ae8c00bbcb5a30573b99628,3,,5,2018-03-28 00:00:00,2018-03-28 18:32:10
8fbcaf3ab7fd4c8fa59097a866873c09,00858d03144cc35cfd1dd043647e7c88,4,,,2018-03-23 00:00:00,2018-03-24 11:35:56
c7695defb8fb8eb8eeb8c4dc0f6558ea,00f1cc7439ccb8671133776d1829faf5,4,,,2017-12-02 00:00:00,2017-12-05 15:15:02
267baa054eeca55460962aa0cb50df81,00e4050fe32e786290a29c61141e979f,5,,,2017-08-25 00:00:00,2017-08-26 02:15:59
be73f1f6aa0093c8ab5706df396b31eb,00ea690fe8c5eba029a3884243a02352,5,,,2017-12-16 00:00:00,2017-12-17 00:35:00
7f05ffaf413a01b93e9cbe3e527a91ab,004345d16a1ab2c21962992c721c8643,5,Bom.,"Recebi tudo certinho, recomendo.",2018-07-12 00:00:00,2018-07-12 20:59:46
c62fad0a8dd9f5af876adc1e2041758d,00337fe25a3780b3424d9ad7c5a4b35e,5,,,2017-09-28 00:00:00,2017-09-28 21:44:15
1e62f9d5cf5ccb955bfee492ab431d59,011bf86f1b7dacebda2c874333cf656b,1,,"Venho apenas um lustre, e eu comprei 2 fico no aguardo.",2018-03-22 00:00:00,2018-03-26 22:41:31
a3178786589189e899a91908284a5bd8,00fb278a99144cc1004b3ed1452ff5e1,3,,,2017-03-11 00:00:00,2017-03-12 22:35:04
7b207563e4dff6404c66d65997966b7c,00e6bc6b166eb28b4502c1cad4457248,5,"Produto lindo, delicado..","Lindo relógio, não é muito grande, ótimo pra quem tem o pulso fino como o meu.
A loja está de parabéns.. produto chegou bem antes do prazo.. e com uma surpresa!
Obrigada!!
",2018-07-06 00:00:00,2018-07-06 22:02:45
d9747eff1b4a8de45209f818efc17cd1,0132fef017ccf586491ca3685de667df,5,,,2018-06-08 00:00:00,2018-06-08 21:36:31
5d69f7c4509fd0df3222e86c060c9d0e,00f6dbc6195397197ee147ee45607a2c,5,,,2017-05-18 00:00:00,2017-05-22 12:04:55
0dd2be2fade8f4c15fd986a6b35edbe8,00378c6c981f234634c0b9d6128df6dd,4,,,2018-02-27 00:00:00,2018-09-24 01:28:27
8556934ed866a436e1cbe64536234d7f,00d0ff2017f9ea13dd7eec7470ca473a,5,100%,Ótimo ,2018-06-28 00:00:00,2018-06-30 18:04:44
c5bb039b82c3df601921179000483ae9,00efb72d8e18533f736e86770705d094,4,,"produto conforme anuncio, aguardar quanto aos resultados",2018-06-14 00:00:00,2018-06-15 12:19:28
3377008b1325b226aed063d454f83fb7,0091a677651feaf5a08d7bb147681e14,4,Entrega no prazo,"Meu pedido foi entregue bem antes do prazo, obrigado, super recomendo.",2018-08-29 00:00:00,2018-08-31 20:46:10
5475f270a8a341a0c48262e678dfe190,0115d160c5fbd758a139ff90821db60d,1,,,2017-09-19 00:00:00,2017-12-22 20:37:01
10f62fdeea5332995b98c326bc9a9ee4,00b4846d477a7baf5d4e47970bc08c7e,5,,.,2018-01-31 00:00:00,2018-02-02 22:04:24
0b5c8a5de69548f277a793e3a65fbaa9,013bc5ce14f856d31efc8bebdc3a278f,5,,,2017-02-15 00:00:00,2017-02-17 19:00:52
fb2dc0887b260ad8fa4f6fb83c74071d,00c95282163553a982f38481f9488481,4,,,2017-08-18 00:00:00,2017-08-19 00:12:31
bd186ba5b34b4f246234fa2c0d17254b,00a1e977cf6e672402963940db55d919,5,,,2018-07-28 00:00:00,2018-07-28 20:41:40
12d2bc331d283befc71eb3882cb4a570,010d6db2f77220b394f147836c94f27b,3,,,2018-07-22 00:00:00,2018-07-24 18:44:18
e0f22f5095fcf60e28abd7aed98dadea,0098dbda25722a3f019fe252a0cd10b3,4,,Muito bom,2017-10-03 00:00:00,2017-10-05 21:56:45
86a7f07c719e4e77c6cf10e10913f9cc,00d2559e61b9a0744a0552c35c5ecccb,5,,,2018-06-19 00:00:00,2018-06-21 20:51:53
fa2d523cc60173d4889520763a2e4851,001021efaa8636c29475e7734483457d,4,,super recomendo,2018-03-09 00:00:00,2018-03-13 14:04:38
7e608ff3d5e09e4b8f3af38e0073fdda,0108c64ec135e4a7a75e9b5102af9bfa,4,,,2018-02-23 00:00:00,2018-02-23 23:49:26
cca0db795bf22a3a505e44024fcf0b8e,00229e4e43f7a7e0b9dd819ad43268d3,5,,,2018-04-06 00:00:00,2018-04-10 00:22:02
b86a403531959a305dc40a2c703fb26a,00c842d0ae6462afc1d38fc055b02c75,5,,,2017-11-22 00:00:00,2017-11-22 19:00:38
a2937161bd6607b827771b6e47e9156e,00cee8a4dbb042385cbbd84699e78b2e,5,Sim recomendo a loja,recebi o produto intacto,2018-07-26 00:00:00,2018-07-26 22:18:08
d3cb6027d7cd65b0e50848fecb79b9a8,00ab1aba567dfebdc39caa4e7ca2f1b2,5,,,2017-09-13 00:00:00,2017-09-13 23:46:27
d10c5f0e60868ac9f491f8ff0f2cf2bb,010ab3b1993057e91f825c672375a66d,5,,Tudo como esperado. Excelente.,2017-03-03 00:00:00,2017-03-04 10:02:11
393c7f570fda1569eaa70092f81e6dae,014e7d12255fc66b5ea5e6c93eb4be7b,4,,ENTREGUE CONFORME PROMETIDO,2018-02-17 00:00:00,2018-02-20 01:44:16
c8d9607a0b1ae27f7986d47d77195c91,0123098b96f3d4014545642be53d891c,5,,"Apenas havia lido na descrição que o produto vinha com vidro e não veio, ma é lindo de qualquer forma.",2017-08-30 00:00:00,2017-08-31 11:16:55
f36407e207d5b9317bf8d3703b5b022d,00b5e1c770b1868ec1b6b726be3aa9b9,5,,,2018-01-12 00:00:00,2018-01-12 15:44:43
9d0d66c4e6d4637345b7ee245912fa65,011724d1afbd91844302627f79a66800,5,,,2018-08-16 00:00:00,2018-08-17 03:10:38
e8ba5ec028ada1f73891685551e78b7f,00471463a6106056c1a2a809f70de640,5,,,2017-10-13 00:00:00,2017-10-19 14:10:40
11add646b6f7db813519cc630785d759,01380d0df5b7dc8bd13f2266a57bd42c,5,,,2017-04-22 00:00:00,2017-04-24 21:33:35
eba375fa5fe6f3dc7ca2aa6682b46170,0025c5d1a8ca53a240ec2634bb4492ea,5,sensacional,"ótimo produto, bom acabamento. Para quem está começando nesse estudo sobre o universo, principalmente estudantes é uma ótima ferramenta. Tenho feito vários estudos com o auxilio do telescópio.",2018-08-01 00:00:00,2018-08-03 15:21:12
9e380c1a77fe6f9e171948a5dbdb40e4,008990da719764fb392914d8ab53ad04,5,,,2018-06-06 00:00:00,2018-06-06 19:13:08
f2ef4bab77b6670b5862b064ae04668d,00a870c6c06346e85335524935c600c0,4,,,2018-05-17 00:00:00,2018-05-21 00:22:10
64d1910e671c970d0d25718a85f397d5,010b143d83a59b355cd5a75c0f0fd785,5,,,2017-09-19 00:00:00,2017-09-19 21:09:20
236ccf78a5c4c350c18fdc1ae12b0187,0009792311464db532ff765bf7b182ae,5,,,2018-08-23 00:00:00,2018-08-23 16:11:56
95ae5c0c6595c9f75ddc037cca0596ae,001ac194d4a326a6fa99b581e9a3d963,5,,Entregaram do prazo ,2018-07-13 00:00:00,2018-07-13 21:02:34
048baba3f11436d12b06dab572aafc21,001e7cf2ad6bef3ade12ebc56ceaf0f3,1,Pessima,O produto chegou e estragou sozinho,2018-06-05 00:00:00,2018-06-06 19:01:54
ea29724e66e4e0350e60f5fb558fcab0,0096668e5b0b8e9657a6f7209a4e58b4,4,Recomendo,O produto atendeu minhas necessidades,2018-07-21 00:00:00,2018-07-27 13:35:59
a81bddfffc8092295dd48079b2ce50f2,012248555cb0bf51df99199cef81d562,5,,,2018-02-18 00:00:00,2018-02-19 13:33:30
e2958a3020456dddc10bf8e274fd9e9d,00756576f4e494406945ac21cb82cfe0,5,,,2018-02-10 00:00:00,2018-02-10 21:02:19
54e98e7b1cba1b4845358ded6c86a2fe,008720830a8a30e39e6f22f81818a141,5,,,2017-08-19 00:00:00,2017-08-19 18:31:54
e19f31db602ae8378c04a6d0608aa476,00d03eb3425f41a599ae2f788e23c07f,1,,"LOJA NÃO CONFIÁVEL, MEU PRODUTO NÃO FOI ENTREGUE.",2017-03-31 00:00:00,2017-03-31 10:57:01
b7705d1881618b1682a2c5cb0e358311,014bd8ca0827935402ac39f2751b2fcd,2,,,2018-05-17 00:00:00,2018-05-21 15:30:21
0d72c69b37422ad350252a51474aaaea,01144cadcf64b6427f0a6580a3033220,3,,,2018-02-15 00:00:00,2018-02-15 20:09:25
87a89f5cf94cb9dc0f81ba2a41b547cf,00d5fac7792747fba4b528f23930bebd,5,,Obrigada ,2018-03-15 00:00:00,2018-03-15 23:44:37
67b1ab8f3ec19d5a90f153f21757d3a1,0005a1a1728c9d785b8e2b08b904576c,1,,"Na descrição do produto quando fui efetuar a compra, estava detalhado os pentes de disfarce.
Quando recebe o produto verifiquei e notei que não havia os pentes 0.5 e 1.5",2018-03-30 00:00:00,2018-04-02 00:52:01
fa2ea06b0117bc5461c5f7d963d6c614,0094bd07f49fed90209ffa62d1ef26d6,1,Não recebi o produto,Comprei o rímel tango de embalagem vermelha e recebi outro produto. Entrei em contato com a lannister solicitando informações para a troca e até agora ninguém respondeu.,2018-05-17 00:00:00,2018-05-20 09:53:10
2b334d5e20dc2c7428516d048ea22c8c,00fc308dd7f0937682698becaa9dcc45,5,,,2018-08-28 00:00:00,2018-08-28 19:59:36
87d38823c8e926b57ec61e64f5466cfd,001dbc16dc51075e987543d23a0507c7,5,,,2017-02-14 00:00:00,2017-02-20 17:07:46
87e52dee894fbd86a88ebdc7509e7a1a,00c8bfbb0a1224dcdb0180a544247159,3,Loja é ótima,"Eu comprei umas cestas de vime, comprei 6, só que veio faltando uma tampa. Então não fiquei totalmente satisfeita! Mas o produto é muito bom!",2018-05-12 00:00:00,2018-05-12 16:17:37
01206bbbfcfe2d85dc0c646a8ddb73d4,013bc77d3ca5fba084a241fdcb307393,1,,"Entrei em contato com a empresa 3 vezes e não obtive resposta em nem uma das vezes.
Uma falta de respeito com o cliente.
O prazo já venceu e meu produto não chegou.",2018-02-21 00:00:00,2018-02-21 17:39:35
73413b847f63e02bc752b364f6d05ee9,013056cfe49763c6f66bda03396c5ee3,4,,,2018-03-04 00:00:00,2018-03-05 17:02:00
775038877f3c507777081ff685e14a60,000f25f4d72195062c040b12dce9a18a,4,,,2018-03-23 00:00:00,2018-03-24 04:17:06
37b1da1f0e40121760677e6e9c7232fd,004fb5e6f90a178dc74ad2b016649249,5,,,2017-06-17 00:00:00,2017-07-10 01:20:21
890f7b5429ffba41920a0ca552372c06,010fadb12341d8253d920362fc8f7a16,4,,,2018-03-06 00:00:00,2018-03-07 11:40:09
f55e59915a07435c3615737a15470d96,0010b2e5201cc5f1ae7e9c6cc8f5bd00,5,,,2017-09-24 00:00:00,2017-09-24 18:35:01
284cb8b32e0ea2b7b5b1d1bf0c29a82d,00bbc4179554524748f77763ddd62266,4,,,2017-08-15 00:00:00,2017-08-15 20:48:05
100b6666dd31375f65f183c1e5d97ea6,00bc78808b22918a467b2fa4b8ef5d68,5,,,2017-05-03 00:00:00,2017-05-10 15:44:46
3edb05682faef2679f3614db836bda87,00c9474e0334f7a4ffc8c3a8bd21a51e,1,,,2018-05-17 00:00:00,2018-05-22 12:13:19
5fbaf2d47b555b58748f5f7b9db01a7d,00ac05fe0fc047c54418098eb64e3aaa,2,,A tinta da borda preta fica soltando na nossa mão bom que não saltar,2018-03-03 00:00:00,2018-03-03 14:24:14
1079dbb2bd2dd071f7d04a1925da6ce5,0020262c8a370bd5a174ea6a2a267321,4,,,2017-12-03 00:00:00,2017-12-03 17:06:39
857936127ee4d3b8f8f14f6feb4c6e8c,0068e836900867da359bd81db9227a33,5,,Produto muito bom e eficiente para quem gosta de andar de bike e precisa de gps.,2017-10-06 00:00:00,2017-10-07 02:34:33
ac2538373fcfab2aff0709fbc7ec69c9,0020a222f55eb79a372d0efee3cca688,5,,Muito bom recomendo,2017-08-25 00:00:00,2017-08-26 05:26:29
c82c423f93b5d4a9a2ac68c93a75fbfe,00ac2a1ec784f71feeb7ba1e5959750d,5,,"ótima qualidade,bom custo beneficio.",2018-04-18 00:00:00,2018-04-19 19:39:18
6ee4c77d523ee4a771a9515648f0fcf7,013d92e415d1de7bf3b3b706f1b6d292,5,," Minha filha adorou o relógio,muito bonito e de ótima qualidade ",2018-02-21 00:00:00,2018-02-22 02:33:23
3a0b0a0dd1ccb11582eb81e9a0c784ed,005d9a5423d47281ac463a968b3936fb,1,,Ainda não recebi todos os produtos,2017-10-28 00:00:00,2017-10-30 22:58:31
ceec8bc717c77add6657e182e9a82074,00b402e8a76d3da83714c52d3977cc2d,5,,,2018-01-20 00:00:00,2018-01-20 15:02:50
4f611351fcbae81bdd205a9d1365e6cb,00c405bd71187154a7846862f585a9d4,1,,Produto não é bom pois não faz nenhum efeito na sombrancelhas. Não recomendo,2017-11-01 00:00:00,2017-11-04 00:08:03
ec72e8db6271c9732565ac1aef57aaa3,003d804eef0e1b856881cd18e0cc0d4c,4,,,2017-12-20 00:00:00,2017-12-20 03:29:32
7b15e6ebecb0e962f69728c50d5e9a9d,0040a56893444cb56cba7cfe2225e34e,2,,,2018-02-15 00:00:00,2018-02-17 21:29:39
f9c1a71690bf7288861804ece5383ea1,00ae7a8b4936674ebb701d4a23719a79,2,Não posso avaliar ainda,Não recebi o produto ainda,2018-05-19 00:00:00,2018-05-20 18:56:33
dfe2c33bd61eb5ca78a8dea99d496357,00c47fefb9a49baec12ab3654d7f548e,4,,"É a primeira vez que faço compra pela internet, pois até então não me sentia seguro,pois alguns amigos que fizeram tiveram problemas para receber seus produtos, mas resolvi arriscar e deu certo",2018-01-17 00:00:00,2018-01-22 00:17:49
ed0405017b21b89fe55282aca123eeec,001b76dd48a5b1eee3e87778daa40df8,5,,Tudo ok e dentro do prazo,2018-04-07 00:00:00,2018-04-08 01:01:25
4b050398b4a6d5a0f6d07a905a9da3cc,00891ba5de66f55000ee358ceea9b345,5,,,2017-05-24 00:00:00,2017-05-27 12:17:05
ed7cc4092834fc4d48b7d9d125d7c657,0026a368634b6e6f34f33b1499773a30,4,,"Adoro comprar com vocês, continuem assim",2017-11-08 00:00:00,2017-11-17 10:08:24
08b2cbc291edadfc0d923145ef261a6c,00d85bfe0e28c91b69d0fe1f29255a31,5,,,2018-05-17 00:00:00,2018-05-21 22:35:41
635b498c97e573f64911343026d14018,00ab3a43bda739029ffce95d3b2fb56c,5,Otimo,Produto de excelente qualidade.,2018-08-15 00:00:00,2018-08-16 17:16:04
31a87459ff61b96aef062967d91a7aba,01336d091c57d8be1feca330c5f047bd,4,,,2017-06-28 00:00:00,2017-06-29 14:19:26
da45e8a3ee044437591258937aa4c7c4,011a56023faf5bbb9af634e20a85f7bc,5,,,2017-05-19 00:00:00,2018-04-02 16:25:35
98087172e524099025771d805ad1cdf7,003f201cdd39cdd59b6447cff2195456,1,,,2018-03-24 00:00:00,2018-03-26 00:47:18
a644f6ccdca3b26271c90b7cbcaa9ad5,010ef5b0279d7512e7343cb775e423c0,4,,,2018-04-24 00:00:00,2018-04-25 10:18:00
6d1a6be8fbfb1b9b4e0931a24cf0b914,00c9d0257381c7e9ec13b4505f25b2cf,5,,,2018-04-28 00:00:00,2018-04-29 17:29:01
8f28fc7d29a09403973697645d73b72a,00310b0c75bb13015ec4d82d341865a4,1,,,2018-08-31 00:00:00,2018-08-31 22:49:14
f811c0a2cdea796f48f9ec372b7f7631,00ab9fa91aafa3d881164b0da48999aa,4,,,2018-06-08 00:00:00,2018-06-10 14:11:55
d96dd351c4f95fa10529a6b5889199a8,0093cbf16a6afb7f0ab7cc821b6f9e92,5,,,2017-11-26 00:00:00,2017-11-26 17:41:19
1e8067a9f38deb9426d4278fa2d213d0,0019c29108428acffd089c36103c9440,5,,Produto real.,2018-03-17 00:00:00,2018-03-20 16:33:35
eec429c543da485490673b4f1bcbe011,00ff0cf5583758e6964723e42f111bf4,1,,O produto não veio,2017-05-06 00:00:00,2017-05-06 05:05:21
dce4884e6e42047bf2e0645ce93ef3a6,004fb11815bc03b01b20a614eef69d14,5,,Gostei muito,2017-12-17 00:00:00,2017-12-17 20:24:38
4bdb9e462f7bae9ae8c44d3c3199aa58,00f9b0236a85fb8a06fbd9b9c53fddd8,5,Exelente!,"Olá ,obrigado o produto chegou em perfeito estado e muito antes do prazo previsto po vcs !!
Em breve voltarei para comprar outros produtos bem interessante para minha saude!!amei as amostras.",2018-05-04 00:00:00,2018-05-04 22:31:23
c91d4ae7473872e0696bcb22a5a92df0,0039500db36d50d7d0bfaf23723550f3,5,Ótima qualidade,"Produto de ótima qualidade, sabor ótimo. Entregue antes do prazo",2018-07-22 00:00:00,2018-07-24 17:58:29
c67b0ab17e57b8d14d2ac80f69c79e2b,00e32e413e017e64ff93a9e800b8e1be,5,Parece ok,"Estou em obras e não abri os rolos para conferir, mas aparentemente está tudo certinho. ",2018-05-08 00:00:00,2018-05-14 11:17:58
b172521cef380e11b2f65ad53f2b8e4e,00b44ba3d7c4a5e9a9ebafef9150781d,5,,,2018-08-31 00:00:00,2018-09-01 18:50:50
4ee685a24f9a89ee87f9cbafba7d2671,010f223ddbec749e95ef3f5414f9c4ee,5,,,2018-06-19 00:00:00,2018-06-21 22:11:23
d52c07a72b990d85dfaf30cc90bbd053,00c00d5b36157595e21108ba1da2828f,1,,,2017-10-01 00:00:00,2017-10-01 08:54:15
b81467060b0a8b4d823bce69e3a53241,008a1b3db2a8bf63418c2cf7c7f494b1,1,,,2018-04-25 00:00:00,2018-04-25 14:37:12
17939259ccc419f355fb4a148151fb00,00d94e8901b75ee0d6ef1f87f947b666,4,,,2017-05-24 00:00:00,2017-05-26 18:54:13
04a15fdeccc0572ca4f52b16cd50408a,0011d82c4b53e22e84023405fb467e57,4,,,2018-01-27 00:00:00,2018-01-28 13:18:49
304aaea0a61ca9e8c661cc7a403be82f,006cb7cafc99b29548d4f412c7f9f493,5,,,2018-02-26 00:00:00,2018-02-26 17:00:30
670c1a2b752d88344d11f642389cc007,013aa6ba5077072401773f83f1ee6408,2,,,2018-08-16 00:00:00,2018-08-25 11:03:50
fa93424155ca9cea523dce232d9c9473,010e04b5f879320f29a9bd6ca41abc94,5,,,2018-02-24 00:00:00,2018-02-27 13:06:28
51ebb8fede4fbe6126f9f85ebdd23166,001d8f0e34a38c37f7dba2a37d4eba8b,1,,Entrega prometida 24/05/17. Dia 26/05/17 não havia recebido ainda.,2017-05-26 00:00:00,2017-05-26 20:19:13
bdca8baccdc72009bbdb5d15991d02ba,004157daafa0bc8672e01f00e4f0c04f,5,,,2017-06-03 00:00:00,2017-06-06 03:09:24
dc4fd33dbfa1282912d78063b3cd1845,00f9b6769c6648ac08bf43081d1f2b07,1,Falta de informação.,"Meu produto estava previsto para entrega em junho/18. Porém houve antecipação sem avisos do site e nem do correios. Por fim, tive q buscar meu produto, isso pq paguei o frete.",2018-05-26 00:00:00,2018-05-29 17:05:05
670f66c863916df3f7fd572af8de8c13,014ac3cfd0e55bdc2cdd12aa181b00cb,4,,,2018-08-14 00:00:00,2018-08-15 01:16:21
a5fb93d6a9e707bd84c07da74e8d79fd,000e906b789b55f64edcb1f84030f90d,3,,,2017-12-09 00:00:00,2017-12-11 09:55:13
c1739c70298dbe46e21a825af2b984f1,00404fa7a687c8c44ca69d42695aae73,5,,,2018-05-19 00:00:00,2018-05-20 12:30:40
b022e14b537e9c64b16ef6b921556944,00bd8cf08fa3998ea6ad6d16c2165822,5,,"O produto atendeu a minha expectativa e me surpreendeu com brindes, pois recebi vários chaveiros do flamengo.",2017-12-06 00:00:00,2017-12-06 16:19:53
e26900bd1096def98b829e0db23e9b3f,010c995323bc17d8156fbe2c37fed63e,5,,Produto muito bom. ,2017-04-01 00:00:00,2017-04-03 21:20:09
8c6563bdac7a42e6ea3dec7b12e8454b,009742b43f4530bc3db7f62332c50f4b,2,,,2017-11-16 00:00:00,2017-11-16 10:29:12
a07683bcf2ffbc453c87a22c974c7594,012dc9e42da722d22e32c618a2521bec,3,,,2018-04-10 00:00:00,2018-04-14 21:36:38
1c1bb10fd0a3af065ed9b379b5df14c2,00418a49a685c6bb60633291c3fab17a,1,,"O relógio, (presente do dia das crianças pra minha filha) Não funciona!!!!!",2017-10-06 00:00:00,2017-10-14 03:57:26
659998ff75745ce5b310f2fd3b0438aa,005cad6157eadc7f1f09917607f1704a,5,,,2017-05-04 00:00:00,2017-05-07 10:32:10
4ae1114d0b5853ef79ae803a9a969878,009905140e9f8cc35d5be897937381db,5,,,2018-03-29 00:00:00,2018-03-31 16:08:36
b91a12855ab89905aeabaed5a0179820,0133a47b53fee66218790a8d7dcab993,3,,,2018-05-03 00:00:00,2018-05-03 22:07:20
5138d0d5832c7432a23ec599ac311eea,00772b2af35643653f108fdac1155ee3,4,,,2017-05-07 00:00:00,2017-05-10 12:44:12
78fca20e234b689a6174a874c9353803,011e6e76dd0cd56d26b5b0cb036e80a8,5,,,2018-04-12 00:00:00,2018-04-15 11:09:23
7f8c3db58f0112378d38f6065d6c3e33,006e43460a55bc60c0a437521e426529,5,,,2017-05-20 00:00:00,2017-05-21 12:35:51
78a16db6894e8d857a4f2cdc7f4b002b,011331376a4c6cc7a9e5bc165ec169d0,5,,,2017-07-06 00:00:00,2017-07-10 13:31:33
df246bd48fbc0a0c9a7d4979c9192eec,001daeb0eddc45b999bad0801ad9d273,5,,"Produto aparentemente ótimo, chegou muito antes do prazo estipulado pelo site. Pena que comprei o produto errado ""era para ser bomba submersa com filtro"". Mas, já estou resolvendo tudo quanto a troca.",2017-06-09 00:00:00,2017-06-10 02:19:55
5367b8a398c6982079a6299dbd1634f8,0120e3dd2696a3bbb68dc2860815f7f2,5,,,2018-04-11 00:00:00,2018-05-02 23:51:48
03dabf23ac64650aa26d2b9a13e8659c,00e1bdb3f1388c8ed222597ee4fa01e7,1,,"A loja vendeu um produto falsificado. Ja fiz a solicitação de devolução do produto, porém ja faz 3 dias e não recebi o email das lannister para seguir com o processo de devolução, conforme orientado.",2017-05-25 00:00:00,2017-06-01 13:41:14
3e33eee1e8cd67541aec8fbd66a0f6d8,00275bce676303c3bfd7292aefdfa223,5,,"Muito bom, so não testei ainda o produto mas super recomendo",2017-12-05 00:00:00,2017-12-05 23:23:00
ba5e6d78da2b2c3f5127ab99abe93629,014405982914c2cde2796ddcf0b8703d,5,,,2017-08-01 00:00:00,2017-08-04 19:34:54
eb29d5dffe71f0a35ccae406b79a77dc,006dd93155bc2abd844cc5eed3a0fe7f,5,,,2017-12-08 00:00:00,2017-12-09 13:10:26
e8b089ecc2f8aa46c9893626bae20cf8,0067c6030d65af0ff98790158ddb0020,5,,,2018-05-08 00:00:00,2018-05-10 13:58:05
d6c257cefbf86db6eb2f2178ef34137f,0080eebb288dba1857ccf048dfe6bdfe,3,,"Achei o prazo bom, mas o frete o olho da cara, mas caro que o produto.",2017-08-19 00:00:00,2017-08-20 03:46:49
1a01bc45e211acf905d4450d2767533a,0070092bb6004faafa287e5fc35971e9,5,,Muito Bom ,2017-07-28 00:00:00,2017-07-31 11:10:08
3440af42822145c52b3008af14b98ea1,00a843f5a80c7aea894c558acc29f513,3,,"Não vem com nota fiscal, porquê???",2017-09-12 00:00:00,2017-09-13 18:56:08
6a3b79897eba9ff0de829eb1570b98b3,00b1861aeb89afa498404c684148a619,3,falta de mercadoria,Esclareço que a entrega veio incompleta faltando 01 capa de chuva. solicito providências.,2018-08-16 00:00:00,2018-08-16 22:33:57
41169625beb2255f7230003614931654,00c763284c0056eed753352f5559ff0a,4,****,nada a declarar por enquanto.,2018-06-14 00:00:00,2018-06-18 14:10:59
78f1659c0d892c4913d8325e5db8124f,011080783e02d05b26c8c158b3653a42,4,Super recomendo,"produto bem embalado, chegou antes do prazo e de ótima qualidade ",2018-06-23 00:00:00,2018-06-26 12:23:56
2b845f338435f1e53fb7ab3945ac9a8f,00fcf938cde49ae138942b632ed62393,5,,,2018-01-31 00:00:00,2018-01-31 23:12:57
60f8faa906165ba76059030f93a45382,00b7174ea52bb811ebe2663add51afc0,5,,,2018-05-22 00:00:00,2018-05-23 10:45:53
e92a1612d8dcd014217178bd28cc54b2,00a99c50fdff7e36262caba33821875a,5,"ótimo,super recomendo",comprometimento com o cliente,2018-08-25 00:00:00,2018-08-25 23:44:42
0dbc79e0cb36f3baf6369984bfe96c11,008819c6d5f6da6fa5cd9d50ca927cf4,3,,,2018-08-08 00:00:00,2018-08-09 14:21:40
2a79a4d7ec16eeb80e0ff177d051db34,0097f0545a302aafa32782f1734ff71c,1,,Não recebi o produto liquid koolbloom,2018-03-22 00:00:00,2018-03-22 22:43:10
43034dfac7869d277502be297f90dd4a,00fbcd8b120e5706c58b9d1a0026a7da,5,,Qualidade M.Boa,2017-12-13 00:00:00,2017-12-13 10:21:54
f0733ebeb51b637dfdc953983c867b89,000576fe39319847cbb9d288c5617fa6,5,,,2018-07-10 00:00:00,2018-07-11 20:14:25
b86bf1c2834fc2d3a3a9d8421a02f5e5,00c47cfa491ef55779ec7557673087fc,5,Bom,,2018-08-01 00:00:00,2018-08-02 13:07:42
7f45121d39a6318dff3f2fef124e542a,011af0959ebf2b09a062867811dc63b5,1,,"Qualidade ruim, produto não é original.",2017-08-10 00:00:00,2017-08-14 17:02:38
d03c7eb151e07bb78e3e45e722dbfdfa,0087889a1c836be17f58afd7f1729a4a,5,,,2017-10-25 00:00:00,2017-10-25 14:12:31
23b8b606e44be451521eb1feb02ddde9,00c81b6675ef9ecaaff5fc1d6720b96c,5,,,2017-10-31 00:00:00,2017-11-03 11:48:52
c017d2c9348d835c376bad0235121be3,00cf2b04c59f0ecaf822bf3f334d5c3b,5,,,2018-04-10 00:00:00,2018-04-11 17:54:19
bd92ea530e08d53c5734a82794d8cccf,0110688c40ff035d672af3aac1f38f10,5,,,2018-02-28 00:00:00,2018-03-03 02:57:48
d223527addf6e17b6978d2e9b982d26f,01094e169d4b14edaf6954eeddb83633,5,,Perfeito ,2017-10-18 00:00:00,2017-10-20 23:41:34
2396f8708225f1ceffd67a446506b7b7,010b0f6bd323a9effd095a743e660f26,5,,,2017-07-27 00:00:00,2017-07-28 11:23:15
ed469dda40b1b7f0660b24aa1b043b57,003324c70b19a16798817b2b3640e721,1,,Comprei duas mochilas e recebi somente um produto é o valor vocês estão cobrando de dois produtos queto devolução do produto é meu ressarcimento,2017-05-31 00:00:00,2017-05-31 23:23:57
56a66e5eff96727ef69bca9b6981a456,006cba07f62f921fe4f58365bde2b2eb,5,,,2017-08-19 00:00:00,2017-08-21 23:27:41
dd0d1186cc7024a85569dc1d0532170c,010078e0913f48d014483bd856c01ca1,5,,,2017-12-06 00:00:00,2017-12-17 20:33:03
e62d0505fa09b0487a3283858ca371d0,011b142c9e082a5c1d10e0a88cd9c8e8,5,,,2018-04-15 00:00:00,2018-04-16 00:10:09
563597ee6b83dc2d0f578dfe5d369691,01006620eb4732deec44be4b0d9e33cd,5,,,2017-10-25 00:00:00,2017-10-25 17:50:20
43b2abbf084e042e6b3300fb26d0e27a,012d8cbea490e6102cee6a2088aaa785,4,,,2017-11-04 00:00:00,2017-11-04 23:24:50
2fbe086269247cee60d600c3af62f3e6,0049edf42837aa808e03552a62bd2158,1,,"Não recebi nada, não entraram em contato. Ninguém liga pra informar o que aconteceu.",2018-01-31 00:00:00,2018-02-01 01:45:26
d874a05c451f738a2bb13bb6406838f9,00ef7ed06a55243f3e6a9d373a89eb14,4,,,2018-02-16 00:00:00,2018-02-16 21:57:33
8b2fd2ae7be2324182a00e793df5b763,007ff0b0f79be782f633fc3b18cbe337,5,,10!,2018-02-15 00:00:00,2018-02-17 16:15:25
51b9dbf716a55ac964f4790c50fe7c41,0108fba93678555ad1cec9c267848187,5,,,2017-06-08 00:00:00,2017-06-08 22:15:37
0381de7572d99d75230ce91207807265,00054e8431b9d7675808bcb819fb4a32,4,,,2017-12-19 00:00:00,2017-12-29 02:40:12
910aa79b48597f41313a6f1b8d9fd0df,00584d79015452d19fd3d044ba3abdc0,5,,Muito bom,2017-07-27 00:00:00,2017-07-28 09:32:38
2d64217e625fe64d991bc1493f831067,00faa6afcde74aaa630e1d2fda2bb0f7,5,,,2018-08-11 00:00:00,2018-08-11 19:44:16
ec85afe4334a7cb804a82f6ae8bc855a,012f2c4ca09b101a73e18957c3294cd6,5,,,2017-05-16 00:00:00,2017-05-17 10:27:53
5595c192e3c1566ab4e7a2748b8ed297,00063b381e2406b52ad429470734ebd5,5,,"Fiquei um pouco triste, achei que a cor do coração seria verde, conforme a foto..... Mas depois que recebi o coração cor de rosa que fui ver que são imagens ilustrativas...... 😥",2018-08-08 00:00:00,2018-08-09 00:12:30
4ad57fe88212366516a1a89ac0afe3e1,0132451f29a10b66a5cf1bacc85f9afe,5,,"chegou no prazo, bem embalado e do jeito que eu esperava. recomendo!",2017-11-18 00:00:00,2017-11-20 10:22:14
e79b1300216401c0212ab9b5a66372ff,00119ff934e539cf26f92b9ef0cdfed8,5,,"Recebi o long 10 dias após a compra, e chegou em perfeito estado. A ilustração é idêntica à imagem do site. O material é de ótima qualidade e o tamanho é perfeito. Recomendo ! ",2017-08-17 00:00:00,2017-08-18 00:24:35
7a0ee94e699a7dcd25b2e982c92bc16b,011fcb4fabb3e142579ad63472b11227,2,,"Dor de cabeça para pegar o produto.pos a transportadora repassou para os Correios .e não tenho o protocolo dos correios para saber aond e estar.em que local eu teria de retirar

",2018-03-09 00:00:00,2018-03-12 17:37:40
385c2a4c48e606d333374a2a33e088db,00c4f17dcb94448f27a2cbaa83f10a4b,5,,,2018-06-13 00:00:00,2018-06-14 01:46:36
3485c887ab8a5fd6b1c10bec15622741,0068fb0e223115e911d362627e8b8800,5,,,2018-07-26 00:00:00,2018-07-27 00:32:52
528ebb404403d66270c412a257cebbb2,011b8dd4f8c36fd4fcf50643ce91d58a,5,,,2017-08-05 00:00:00,2017-08-07 13:39:06
28e20f3ef22e8795ea14e65f54e087a3,00169e31ef4b29deaae414f9a5e95929,1,,Entrega muito demorada. Ainda não recebi o produto,2018-01-24 00:00:00,2018-01-24 23:36:29
7f6fef0de2a2d006bff1eb494112b1b8,0035e6b7ade84b3f5b86bd49814793df,5,,,2018-02-27 00:00:00,2018-02-28 02:29:23
00800678dcf28b0ea0caef2147b6945d,000aed2e25dbad2f9ddb70584c5a2ded,1,produto não entregue,"Mudo minha opinião assim que receber o produto.
Consta no site que o produto foi entregue, mas não recebi.",2018-05-19 00:00:00,2018-05-22 10:52:24
212d807650bd7e83391b7908b3cfa2b4,00685d31ae12e47470ba5c18ba74f22c,1,,,2017-09-28 00:00:00,2017-09-28 04:05:37
143f6db7fc05f38965da560ef1c44ed3,00526a9d4ebde463baee25f386963ddc,1,,Eu comprei 4 agaveas so veio uma,2018-08-17 00:00:00,2018-08-18 14:54:07
c3fa49a98647096955610c600ac33a76,003d9fc84ad902adf2265248b5ffe1a4,4,,,2018-08-28 00:00:00,2018-08-28 22:31:45
8cab44c7d78248859e75adce519294f1,010a35dc7fc3808a03d243d2fd8c6e35,5,,,2017-12-23 00:00:00,2017-12-24 20:10:06
e83a305c1c81d79366bb35844c94fdb9,01490a4bdacbafe6de009b317a0c8bf6,5,Excelente parceiro,Parceiro muito rápido e eficiente. Recomendo.,2018-06-22 00:00:00,2018-06-23 09:43:01
91048655e4128b6838c0086cf2daddab,002b430ff89b3a24c31a1170acbbedea,5,,ótimo produto,2017-06-30 00:00:00,2017-07-01 00:58:12
ca13795db8e305829cb406ef608d87f9,013e9c654a339d80b53513da3c1ea437,1,,"Recebi um comunicado que não teria o produto no estoque da loja, foi feito o cancelamento e estou aguardando o estorno do valor pago ",2017-07-09 00:00:00,2017-07-09 13:34:47
c1651cc465c13045aa11f6202b233940,00a3a334aec7455a6d3319981499a3da,5,,,2017-11-05 00:00:00,2017-11-05 21:11:37
52c3f0db68a212357251cd8a4696d9ce,012219b6d6d034eb359fc74730a080db,4,entregou direito,,2018-05-17 00:00:00,2018-05-23 17:31:48
35389a78707cb7bc641456c5d19ecce0,00f33ee62c15223679d3550e751c37cd,5,,de qualidade,2017-12-19 00:00:00,2017-12-20 13:20:43
53480fc1b106eb1388c4dec15fd32c1f,0115abf6b892040abfdd5bdfcb6b2c51,4,,"Devido a greve dos correios, o produto ficou parado e não chegou no prazo previsto",2017-05-13 00:00:00,2017-05-13 18:55:28
0d4256cffb82f343514d85b4f2181d39,004eab0fd8f28adaf8d488976f77febe,5,,,2017-08-04 00:00:00,2017-08-07 02:45:26
3a36f699ff17d318607904fc7ac9099d,005059edee63c8c708ba61910793b31b,3,,bom,2018-02-20 00:00:00,2018-02-22 11:16:19
3174be472473a1a73da9880380e7f740,002d040018d12a3853c059f7f23ab5b1,3,,,2017-11-28 00:00:00,2017-11-30 19:44:06
3ec19171c2fbc5c772128500ab374c58,00b6c055922e0ed2d88efdd252b2fb64,4,gostei muito,"gostei, muito bonita.......",2018-05-08 00:00:00,2018-05-10 16:48:36
b17299af1546845dc0056d71b5556861,0123a055aa66357326dd6db066592a7d,5,,,2018-05-01 00:00:00,2018-05-02 10:41:30
61535599f10b0222ce9fbfe5e04845ee,00df27e666004db9f14bce766fa5327c,5,,,2017-11-24 00:00:00,2017-11-25 00:31:40
3a297d8192e417ffccb7b5a3a3f077a1,014f1e63f9bd4f5578edcf4e5c305a0a,5,,,2017-04-18 00:00:00,2017-04-19 01:00:15
16561345af89c9e66c13a051f4f15d65,00b676b01c289cc661c6f7732492771a,3,,O kit comprado tinha 8 módulos e só vieram 7. Mandei um e mail para o fornecedor e até agora não obtive resposta.,2017-08-16 00:00:00,2017-08-16 17:05:07
8eac7eee5652b4d635d31fdbe99259ef,01015fb6493ea5b9ba105c80b5452da1,1,,"o produto que pedi não condiz com a foto, pior é enviar ao cliente uma borracha de vedaçao que vc entra com o valor de 3,00. É uma tiraçao ",2018-02-01 00:00:00,2018-02-07 12:01:38
e1178b88d0759176025710ea91094d34,00bdcdda88e6b02977fc6ce3d412c600,5,,,2018-06-19 00:00:00,2018-06-21 11:59:20
