order_id,payment_sequential,payment_type,payment_installments,payment_value
00d8d65b666158b633f96054d31af43b,1,boleto,1,130.88
009ac365164f8e06f59d18a08045f6c4,5,voucher,1,8.75
0132158c30672a8c52997a2492613ec2,1,credit_card,8,413.31
010e7dda85fff564e8b7076ae3928efb,1,credit_card,10,133.34
006df90050498994d670b40da4651d22,1,credit_card,1,21.39
0123098b96f3d4014545642be53d891c,1,credit_card,2,117.08
0049edf42837aa808e03552a62bd2158,1,credit_card,1,67.5
00bdcdda88e6b02977fc6ce3d412c600,1,credit_card,1,137.83
00018f77f2f0320c557190d7a144bdd3,1,credit_card,3,259.83
00cb9736c0b43d6c1e2fbb2b88e69f6a,1,credit_card,2,126.74
0068468c453d28c8ef3fd089e50a5847,1,credit_card,3,489.85
00061f2a7bc09da83e415a52dc8a4af1,1,credit_card,3,68.87
01144cadcf64b6427f0a6580a3033220,1,credit_card,8,171.3
00f86b368251d739f1896d41469b2b7a,1,credit_card,4,175.05
00beb247698c6aae94e3f859d279e2cd,1,boleto,1,52.39
00254baeb6c932b0a8aeead91fbd02b5,1,credit_card,2,193.01
00335b686d693c7d72deeb12f8e89227,1,boleto,1,80.79
00169e31ef4b29deaae414f9a5e95929,1,boleto,1,55.11
012973f4cb6743d00d7e2644ddc8804c,1,credit_card,1,33.32
00e1bdb3f1388c8ed222597ee4fa01e7,1,boleto,1,437.59
004d76fef3dd46eb4f70da049c8d1f93,1,boleto,1,147.39
000e562887b1f2006d75e0be9558292e,1,credit_card,4,41.11
003a94f778ef8cfd50247c8c1b582257,1,credit_card,1,57.98
013bc77d3ca5fba084a241fdcb307393,2,voucher,1,17.72
00c9d0257381c7e9ec13b4505f25b2cf,1,credit_card,7,387.57
002c9def9c9b951b1bec6d50753c9891,1,credit_card,1,173.8
00f6ac4816d12f49026b09f2aa77d15f,1,credit_card,3,163.32
00335f75ea6a4455b524a8dd177067f5,1,credit_card,4,177.01
0113c9989fe6e5007795daec0633b405,1,credit_card,1,128.88
006f7dfffe2d90809598e8f1972b829b,1,credit_card,3,52.64
00858d03144cc35cfd1dd043647e7c88,1,credit_card,1,184.03
00602f25bffa1dcfb71e202fbf9824fb,1,boleto,1,93.92
00c9d9e61ed13f5bf2f0344da1aa4775,1,credit_card,2,56.29
00fcf938cde49ae138942b632ed62393,1,boleto,1,50.34
00bd50cdd31bd22e9081e6e2d5b3577b,3,voucher,1,40.46
00378c6c981f234634c0b9d6128df6dd,1,credit_card,2,52.85
00efb72d8e18533f736e86770705d094,1,credit_card,2,89.96
00d85bfe0e28c91b69d0fe1f29255a31,1,boleto,1,203.67
00a174dbf11967d260033fa6ab711493,1,credit_card,1,291.43
008ce8764db2e397e153000e017475b6,1,credit_card,3,70.88
011f9dff2545a2cf8ac1809faed3ec88,1,credit_card,10,126.26
0071ee2429bc1efdc43aa3e073a5290e,1,voucher,1,100.0
00a3a334aec7455a6d3319981499a3da,1,credit_card,3,36.35
00b5e1c770b1868ec1b6b726be3aa9b9,1,credit_card,1,59.25
00bcee890eba57a9767c7b5ca12d3a1b,1,credit_card,10,772.5
00fb055886536063afa0dbee07a0944f,1,boleto,1,57.38
012670c73246a753cbde0a215c2b9e8f,1,credit_card,1,114.84
00c842d0ae6462afc1d38fc055b02c75,1,debit_card,1,77.57
00f8fc0cb9d9b7813f1f54fbd75426f1,1,credit_card,1,163.77
00c95282163553a982f38481f9488481,1,credit_card,1,64.9
011405ae7b89def8ffb3468eb29c299d,1,credit_card,1,37.86
009838529bb913846ab6670d22865381,1,credit_card,6,176.4
003f201cdd39cdd59b6447cff2195456,1,credit_card,2,204.06
000229ec398224ef6ca0657da4fc703e,1,credit_card,5,216.87
014e78d1239f19fdcafd760d3e52f923,1,credit_card,1,28.5
014e7d12255fc66b5ea5e6c93eb4be7b,1,credit_card,1,94.3
00a870c6c06346e85335524935c600c0,1,credit_card,1,69.9
00a843f5a80c7aea894c558acc29f513,1,credit_card,4,47.09
00b4a910f64f24dbcac04fe54088a443,2,voucher,1,48.05
002d040018d12a3853c059f7f23ab5b1,1,boleto,1,169.84
006c42f310102c1910b3c5793ce5fc34,1,credit_card,3,250.79
005b49de51a4e006055e8487a50ad8e4,1,credit_card,4,61.38
0108c64ec135e4a7a75e9b5102af9bfa,1,boleto,1,193.53
014f1e63f9bd4f5578edcf4e5c305a0a,1,credit_card,2,148.24
011e6e76dd0cd56d26b5b0cb036e80a8,1,credit_card,1,23.28
011b8dd4f8c36fd4fcf50643ce91d58a,1,credit_card,3,265.98
0029c5db35ef291ce99d1262012e7daa,1,boleto,1,514.37
0035c0b07126fe9c24a325216fb96064,1,credit_card,10,150.44
00471463a6106056c1a2a809f70de640,1,credit_card,5,265.96
008fab5602c441d51f30b1464f5d4643,1,credit_card,1,65.55
011bf86f1b7dacebda2c874333cf656b,1,credit_card,10,108.64
00a99c50fdff7e36262caba33821875a,1,credit_card,4,75.29
009ac365164f8e06f59d18a08045f6c4,6,voucher,1,4.17
005f25968fc854ea16fb16f5bdbc87c7,1,credit_card,3,86.15
0115abf6b892040abfdd5bdfcb6b2c51,1,boleto,1,207.98
009ac365164f8e06f59d18a08045f6c4,1,credit_card,1,0.88
004fb5e6f90a178dc74ad2b016649249,1,credit_card,2,143.92
00f7c5b41250e0126ced62d612ff4711,1,boleto,1,80.67
009ac365164f8e06f59d18a08045f6c4,2,voucher,1,4.5
009c278fa2ed6e7ec498200b60193ca8,1,credit_card,2,45.09
0121cfa7c946e6589f50d7012d3eb5eb,1,credit_card,4,46.78
00b7174ea52bb811ebe2663add51afc0,1,credit_card,5,92.97
00b9e0f8f588d0406a3de447eb606970,1,boleto,1,56.5
0035e6b7ade84b3f5b86bd49814793df,1,credit_card,1,34.0
013aa6ba5077072401773f83f1ee6408,1,credit_card,2,178.21
00bf1320ffb5fe47a845feca16c0e0b4,1,credit_card,8,469.39
00c826c901ab01b6f598a8f0c9b56b82,1,credit_card,1,92.91
01336d091c57d8be1feca330c5f047bd,1,credit_card,3,90.73
010b143d83a59b355cd5a75c0f0fd785,1,credit_card,8,224.6
0045e3085f083f0f38d24bb3f22e6593,1,credit_card,3,130.74
00a3f1ef430d3984dece2f39d6cbf431,1,credit_card,8,201.99
00faa6afcde74aaa630e1d2fda2bb0f7,1,boleto,1,40.76
00756576f4e494406945ac21cb82cfe0,1,boleto,1,152.71
01029b44abe6e15c8df48b1b759ab437,1,credit_card,2,93.85
00c8bfbb0a1224dcdb0180a544247159,1,credit_card,8,173.2
014176e9538672a32d2a9b73bf53a31f,1,credit_card,6,156.64
00e7ee1b050b8499577073aeb2a297a1,1,credit_card,2,146.87
007beb35f98c075747e6fc4fd1c0cb73,1,credit_card,2,83.59
002f19a65a2ddd70a090297872e6d64e,1,voucher,1,44.11
0119e98feb97441cb456c010c25b04ff,1,credit_card,1,104.96
0057199db02d1a5ef41bacbf41f8f63b,1,boleto,1,37.09
00119ff934e539cf26f92b9ef0cdfed8,1,credit_card,6,236.88
00c405bd71187154a7846862f585a9d4,7,voucher,1,20.0
006e91ddb0674525f84ce0da0655c7ba,1,credit_card,8,529.35
00588f5f20fee630b83d4709e0a42715,1,credit_card,4,114.9
00bd50cdd31bd22e9081e6e2d5b3577b,2,voucher,1,40.46
00404fa7a687c8c44ca69d42695aae73,1,boleto,1,99.9
004fb11815bc03b01b20a614eef69d14,1,credit_card,3,92.74
00137e170939bba5a3134e2386413108,1,boleto,1,421.65
01015fb6493ea5b9ba105c80b5452da1,1,credit_card,1,19.85
004eab0fd8f28adaf8d488976f77febe,1,credit_card,1,33.48
000576fe39319847cbb9d288c5617fa6,1,credit_card,10,880.75
003d9fc84ad902adf2265248b5ffe1a4,1,credit_card,3,94.74
00cb18db3d9c03f8386e7fc70cad2504,1,credit_card,1,144.03
008dc31c0ae7121f2791953ae5f532c3,1,credit_card,1,62.65
00d9ac423c9ad6781c0ed04e87666691,1,credit_card,3,379.2
00dfb074b5c910fbd08e04691c4b712f,1,credit_card,6,134.57
011667ae100a333a3051c9a23e3f0283,1,credit_card,3,42.09
011abf147a69ba486bae3a74b6cd1814,1,credit_card,3,296.71
00e1426d4c79f2e022570012c1ff57ed,1,credit_card,3,86.55
00a250dbdb3153cc6ecf4d3f07ef6a17,1,credit_card,6,61.77
01442602b15d4127a84ca6ac1507ee2d,1,credit_card,10,523.72
0015ebb40fb17286bea51d4607c4733c,1,credit_card,1,37.0
00d50baf1bc56a3c59de1810a6b84b0d,1,credit_card,8,188.24
00e6bc6b166eb28b4502c1cad4457248,1,credit_card,2,85.86
00ace652c8a5072670f30674e5f19844,1,boleto,1,147.26
001d8f0e34a38c37f7dba2a37d4eba8b,1,credit_card,2,53.54
003a7f59d7e08a9c61d9e2881fe6459c,1,credit_card,10,134.28
012dc9e42da722d22e32c618a2521bec,1,credit_card,4,58.87
0064d74f7de7917d54768d7722ad56ac,1,credit_card,4,221.07
011b142c9e082a5c1d10e0a88cd9c8e8,1,credit_card,1,297.2
00f251b943aba645652c7138e4716fee,1,credit_card,1,101.25
00c405bd71187154a7846862f585a9d4,6,voucher,1,20.0
011375f941b3695c3c3ee58bfe0d3655,1,credit_card,2,144.29
00ec95a58b63378d4cc06d196cdefdf6,1,debit_card,1,187.96
00ac05fe0fc047c54418098eb64e3aaa,2,debit_card,1,123.47
00ad1a02d4d9decad15c7e8f8a9470cc,1,boleto,1,68.25
003d0634280ff3d1d3a54459349a6899,1,credit_card,1,228.89
0114835d7f0b3f674b70a989411e31c1,1,boleto,1,112.13
0113affd907a209209ab08413bb54226,1,credit_card,4,186.1
00b47ee856118583dbec7d1f9b18d847,1,credit_card,2,28.88
013d92e415d1de7bf3b3b706f1b6d292,1,credit_card,8,204.07
00f6dbc6195397197ee147ee45607a2c,1,boleto,1,64.42
00e7aeced1d61792368ec7bf8b967a90,1,boleto,1,58.7
00310b0c75bb13015ec4d82d341865a4,1,credit_card,2,55.28
00d1e381c0995f0bdb95909fe7434d0b,1,credit_card,2,170.16
000aed2e25dbad2f9ddb70584c5a2ded,1,credit_card,1,152.77
005997dca4c1fc45066d0a03d54a6469,1,credit_card,6,133.75
012b3f6ab7776a8ab3443a4ad7bef2e6,1,credit_card,6,107.8
0020a222f55eb79a372d0efee3cca688,1,credit_card,4,45.09
00143d0f86d6fbd9f9b38ab440ac16f5,1,credit_card,1,109.29
008d9bf350ff02ed444b3452cf3f57e0,1,credit_card,1,50.44
005059edee63c8c708ba61910793b31b,1,credit_card,8,219.78
01237c761ffb72594a466ed514518af0,1,credit_card,2,126.46
0071ee2429bc1efdc43aa3e073a5290e,2,voucher,1,92.44
0006ec9db01a64e59a68b2c340bf65a7,1,credit_card,4,97.32
0013503b13da1eac686219390b7d641b,1,boleto,1,137.22
001daeb0eddc45b999bad0801ad9d273,1,boleto,1,55.12
014872cb0c4fc7695c70484966baa65c,1,boleto,1,312.84
0030d783f979fbc5981e75613b057344,1,credit_card,7,78.27
00f2c876aa08fbba04199823952e96c1,1,boleto,1,86.22
00b44ba3d7c4a5e9a9ebafef9150781d,1,credit_card,1,67.58
001dbc16dc51075e987543d23a0507c7,1,credit_card,1,87.9
009ac365164f8e06f59d18a08045f6c4,4,voucher,1,5.45
012f29911fcd2f1209d937741a6bbc6f,1,credit_card,4,42.07
00d0ff2017f9ea13dd7eec7470ca473a,1,boleto,1,74.69
00024acbcdf0a6daa1e931b038114c75,1,credit_card,2,25.78
00611822267e76e0055c25c18506f06e,1,credit_card,3,180.21
0011d82c4b53e22e84023405fb467e57,1,credit_card,2,315.33
0110688c40ff035d672af3aac1f38f10,1,credit_card,7,458.94
010ff1cfe12f3094577e72b7bcecdf98,1,credit_card,1,262.24
00584d79015452d19fd3d044ba3abdc0,1,credit_card,3,122.17
0070092bb6004faafa287e5fc35971e9,1,credit_card,2,163.06
0045f5225a96ef46630701167528fdcb,1,boleto,1,110.41
00275bce676303c3bfd7292aefdfa223,1,boleto,1,293.36
00bd50cdd31bd22e9081e6e2d5b3577b,1,credit_card,1,4.88
00c95282163553a982f38481f9488481,4,voucher,1,20.0
009e11afa25aa95ae78e60a793995c9b,1,credit_card,1,65.14
00921e4911895b93c7b4fc0d80c0815e,1,credit_card,1,96.62
01422b2c3c27fa3bc464e72eaed9676b,1,credit_card,1,46.72
0028de0ca693a1bb26448916a81105cc,1,boleto,1,45.3
00054e8431b9d7675808bcb819fb4a32,1,credit_card,1,31.75
002834535f7a609a5c68266f173fa59e,1,boleto,1,57.17
00975e709cd12c34d3bd44e4a7f7a876,1,credit_card,2,94.66
010f223ddbec749e95ef3f5414f9c4ee,1,credit_card,4,97.43
00482f2670787292280e0a8153d82467,1,boleto,1,18.56
00bd2cb7e9076e1ccc9f766fc01a4cfd,1,credit_card,2,112.62
00750f68bb64537034e93554c64b41b5,1,credit_card,4,137.16
0014ae671de39511f7575066200733b7,1,boleto,1,30.6
0103878b7ed86b6ec873cfae01379472,1,credit_card,1,265.36
003822434f91204da0a51fe4cf2aba18,1,boleto,1,175.16
013bc77d3ca5fba084a241fdcb307393,1,voucher,1,19.37
0026a368634b6e6f34f33b1499773a30,1,credit_card,1,164.8
0009c9a17f916a706d71784483a5d643,1,credit_card,6,650.34
00571ded73b3c061925584feab0db425,1,credit_card,4,389.82
007c7cb12ef3567531307ca78d395758,1,credit_card,2,195.0
011a43bc9bb525517251ebb3ebc99b69,1,credit_card,10,920.2
00063b381e2406b52ad429470734ebd5,1,credit_card,5,57.98
00ab210695a17fe10e6b23616ae5bc97,1,credit_card,1,46.53
006cb7cafc99b29548d4f412c7f9f493,1,credit_card,3,70.14
00c9f7d4b0e87781465e562dc109f6aa,1,credit_card,10,120.36
008a1b3db2a8bf63418c2cf7c7f494b1,1,credit_card,3,33.12
008f831b7185cff7ab35a46c37d64cd2,1,credit_card,5,286.09
00cee8a4dbb042385cbbd84699e78b2e,1,credit_card,1,69.07
011c899816ea29773525bd3322dbb6aa,1,boleto,1,99.9
00276d5c3491fbf55305e26891040df9,1,credit_card,6,68.12
00324b3eda39ba5ecce3945823e3594c,1,boleto,1,110.07
00998f38df3012359ef195ca75ebb329,1,credit_card,7,143.24
00337fe25a3780b3424d9ad7c5a4b35e,1,credit_card,1,139.68
00eead1d5a799277ef3d6b387b0bebef,1,credit_card,5,98.26
00c62d05602c1ca8164b98746d127fa8,1,boleto,1,128.35
01074135a88ffa5978eaadfc7f482f2b,1,credit_card,1,116.61
00cf2b04c59f0ecaf822bf3f334d5c3b,1,credit_card,3,334.68
011724d1afbd91844302627f79a66800,1,credit_card,2,69.69
00e054d0da011d5016f31011af488f4f,1,credit_card,3,118.82
0132451f29a10b66a5cf1bacc85f9afe,1,credit_card,3,215.56
00f57f2ccce2a2e3f393fe8f5e616e0d,1,credit_card,8,285.81
000e63d38ae8c00bbcb5a30573b99628,1,credit_card,1,56.78
00d94e8901b75ee0d6ef1f87f947b666,1,credit_card,9,97.4
011331376a4c6cc7a9e5bc165ec169d0,1,credit_card,4,144.63
0097f0545a302aafa32782f1734ff71c,1,credit_card,6,507.84
00ab1aba567dfebdc39caa4e7ca2f1b2,1,credit_card,1,48.38
00aa423621f35a9ca6c6240f275b0640,1,credit_card,2,125.41
00bbc4179554524748f77763ddd62266,1,boleto,1,97.87
00ba57ae98928df6ba6ec9d3d8d4b1b7,1,credit_card,7,149.01
010e04b5f879320f29a9bd6ca41abc94,1,credit_card,1,119.48
0135675503322d804abef7ec5ed4824b,1,credit_card,2,122.97
001c85b5f68d2be0cb0797afc9e8ce9a,1,credit_card,4,112.71
00a690becda145533fa5a54daa7b6ad5,1,credit_card,1,117.42
01428962dce3b65e5433eaeb16c0f48f,1,boleto,1,403.16
001b76dd48a5b1eee3e87778daa40df8,1,credit_card,3,95.0
0036757472ece3dde52fd4bfd929c90e,1,debit_card,1,203.03
011af0959ebf2b09a062867811dc63b5,1,credit_card,3,74.16
00d5fac7792747fba4b528f23930bebd,1,credit_card,1,80.23
00ed64bc080d87b4ab7f0c433bc5e98f,1,credit_card,1,61.01
009742b43f4530bc3db7f62332c50f4b,1,boleto,1,146.18
01490a4bdacbafe6de009b317a0c8bf6,1,credit_card,5,151.14
014fc889637133d9075190ba873dfc03,1,credit_card,1,45.77
00ac2a1ec784f71feeb7ba1e5959750d,1,boleto,1,56.32
0078a358a14592b887eb140ef515f5ab,1,credit_card,3,336.38
003cc6161d7a2593f2525cce0c330d32,1,credit_card,4,97.9
014a0793ab3d930d6f3b206cee474af4,1,credit_card,1,38.14
013e9c654a339d80b53513da3c1ea437,1,credit_card,1,123.01
012ea594e035047289b3e7c3f8b90cef,1,boleto,1,72.35
00eb7b95af5ed25aaec66d4ff5295846,1,credit_card,2,106.97
0029f17cf0e7640c5cb6825af681303f,1,credit_card,1,113.44
01405161cfdf60dd80df1f393a2796d5,1,credit_card,4,74.63
005e5166e99d1e4d0c4f808b0540ba94,1,boleto,1,136.7
004f5d8f238e8908e6864b874eda3391,1,boleto,1,138.6
006cba07f62f921fe4f58365bde2b2eb,1,credit_card,2,81.98
00d2559e61b9a0744a0552c35c5ecccb,1,credit_card,5,872.52
00125cb692d04887809806618a2a145f,1,credit_card,1,135.41
0096668e5b0b8e9657a6f7209a4e58b4,1,credit_card,2,180.37
00c8be06a8029e300dabd52c7d4c6ad2,1,credit_card,1,35.0
01358622f65717728b3b2ec2cf4e8812,2,credit_card,1,14.8
012f2c4ca09b101a73e18957c3294cd6,1,credit_card,10,1901.62
00b4c651133c06fb175123a492f1cac3,1,credit_card,2,173.49
00b12f4674177ef40c4bdb034138c843,1,credit_card,1,122.87
0068fb0e223115e911d362627e8b8800,1,boleto,1,91.79
00048cc3ae777c65dbb7d2a0634bc1ea,1,boleto,1,34.59
00664284de7a3470d22931ed78615ee4,1,credit_card,2,55.75
00949655cdd8d0465e433a5e6c9643e5,1,boleto,1,25.87
00526a9d4ebde463baee25f386963ddc,1,credit_card,3,169.16
002611a77fe03d076285fd4ca95db77c,1,boleto,1,156.75
003edccf16bc5ec447f592913b3df2b4,1,credit_card,1,64.85
00c405bd71187154a7846862f585a9d4,5,voucher,1,0.1
0081ce648af7d6a7bac2a93b6035d1e3,1,boleto,1,117.85
0094bd07f49fed90209ffa62d1ef26d6,1,boleto,1,18.92
00c4f17dcb94448f27a2cbaa83f10a4b,1,credit_card,1,39.39
008990da719764fb392914d8ab53ad04,1,credit_card,1,54.13
00d29386638bbfd1331a2cd7ab91b5b5,1,credit_card,1,32.84
00fdb72e467da6f3b000b19b368a6cf6,1,credit_card,3,35.85
00fe20fc069833ab95021b46d6862646,1,credit_card,7,150.02
00a9536682ecb394a3794c1608200803,1,credit_card,10,122.17
001862358bf858722e1e2ae000cfed8b,1,credit_card,2,113.71
0055b77cca3186676c147f532dd2547b,1,credit_card,2,189.37
00d15ff0236872686e4899ed1ce680ad,1,boleto,1,80.29
00c405bd71187154a7846862f585a9d4,2,voucher,1,0.21
002b4e6fa42cd4a22cc86abc18fe9c05,1,credit_card,2,119.57
002f16b7bc4530031b7d90f791b12d8a,1,debit_card,1,284.13
01006620eb4732deec44be4b0d9e33cd,1,credit_card,5,145.13
00c81b6675ef9ecaaff5fc1d6720b96c,1,credit_card,1,39.09
00ea690fe8c5eba029a3884243a02352,1,credit_card,4,49.1
00c47fefb9a49baec12ab3654d7f548e,1,credit_card,4,266.69
00ef7ed06a55243f3e6a9d373a89eb14,1,credit_card,1,76.17
007bbb40c95870c0f75a7855f2636c65,1,credit_card,1,162.85
007ff0b0f79be782f633fc3b18cbe337,1,credit_card,1,55.11
0124f01177fc17cf20e1974621fd759a,1,credit_card,1,202.87
00b402e8a76d3da83714c52d3977cc2d,1,credit_card,1,165.91
00b1861aeb89afa498404c684148a619,1,credit_card,2,98.24
00946f674d880be1f188abc10ad7cf46,1,credit_card,4,232.72
00f2a3509bd600bd1a06a48353788d93,1,credit_card,1,47.67
0128412231f9fe9d7e944eea5392fc6b,1,boleto,1,94.83
00b4a910f64f24dbcac04fe54088a443,1,credit_card,1,2.54
00af3d9ddff7f256e83d79247dbe1a9f,1,credit_card,1,90.73
014bd8ca0827935402ac39f2751b2fcd,1,credit_card,5,135.62
0080eebb288dba1857ccf048dfe6bdfe,1,voucher,1,21.1
010c995323bc17d8156fbe2c37fed63e,1,credit_card,1,56.12
012e93f8170eb75b2f2f650629d04517,1,credit_card,2,65.1
00c95282163553a982f38481f9488481,3,voucher,1,20.0
001427c0ec99cf8af737bd88e92fd444,1,credit_card,1,83.25
0087889a1c836be17f58afd7f1729a4a,1,credit_card,3,269.63
00a1e977cf6e672402963940db55d919,1,credit_card,1,32.64
00c405bd71187154a7846862f585a9d4,3,voucher,1,0.1
012248555cb0bf51df99199cef81d562,1,credit_card,2,70.83
014405982914c2cde2796ddcf0b8703d,1,credit_card,7,78.43
00f621226c6f4e938348f6f3a71fdc62,1,boleto,1,231.79
00d4439957b7fd3f8da4a33a965817fb,1,credit_card,1,33.97
010d6db2f77220b394f147836c94f27b,1,credit_card,1,30.13
00dc6ad47477b3b62d3c0acbe98a82a4,1,credit_card,2,144.22
014ac3cfd0e55bdc2cdd12aa181b00cb,1,credit_card,3,158.75
0133a47b53fee66218790a8d7dcab993,1,credit_card,1,108.2
00b6c055922e0ed2d88efdd252b2fb64,1,credit_card,1,71.05
0005f50442cb953dcd1d21e1fb923495,1,credit_card,1,65.39
013037c3f1773cc8fdbaf8ff54d8013b,1,credit_card,1,7.58
00ff0cf5583758e6964723e42f111bf4,1,credit_card,6,170.15
0036887767dea4bd43b1a88cd0d9477a,1,credit_card,3,423.63
00f426c7214575822c3cb44ea59ef0f6,1,debit_card,1,94.65
00d831d5c3ea03b7cd6f883ad799c7e4,1,credit_card,1,138.16
002af7fa9eb99d1456bceb6a13d6fc0b,1,credit_card,5,109.45
0068e836900867da359bd81db9227a33,1,boleto,1,113.43
00418a49a685c6bb60633291c3fab17a,1,credit_card,2,56.78
00f1cc7439ccb8671133776d1829faf5,1,boleto,1,177.32
00a0116ff15ff973ea16bee881208ae7,1,credit_card,10,194.12
012bea13f9a355c983efb59a3f23583a,1,credit_card,3,37.09
005a1dded353107dbabf8ffc83a20365,1,credit_card,8,89.28
00c9474e0334f7a4ffc8c3a8bd21a51e,1,credit_card,10,1075.74
00772b2af35643653f108fdac1155ee3,1,credit_card,3,47.96
00e365f4fc03d1098841af23d05c17a6,1,credit_card,3,194.33
00a12754417a49a9dec20361849aa917,1,credit_card,3,57.72
00b30bb163474583c14db1689259cf4d,1,credit_card,10,216.51
01094e169d4b14edaf6954eeddb83633,1,credit_card,1,108.86
00d03eb3425f41a599ae2f788e23c07f,1,credit_card,9,90.17
00c405bd71187154a7846862f585a9d4,1,credit_card,1,6.03
005d9a5423d47281ac463a968b3936fb,1,credit_card,10,145.26
009905140e9f8cc35d5be897937381db,1,credit_card,10,116.44
0120e3dd2696a3bbb68dc2860815f7f2,1,credit_card,8,258.25
014e36af18c280a94d880a16b2f00713,1,boleto,1,85.38
003423b755b562962a6225a8de40d12e,1,boleto,1,261.33
00c2335723b9b74668062e946dc66621,1,boleto,1,31.38
002b430ff89b3a24c31a1170acbbedea,1,credit_card,10,265.55
00f324f6ec332cd73ef8be4888573662,1,credit_card,7,156.33
0066a1fdaee16ad5022c5ef979d0b661,1,credit_card,9,226.28
0084209c576daad6ff4534902fcb4892,1,credit_card,8,85.14
0084e195fbd72ae51599af47f04afede,1,credit_card,1,113.03
01443cd06ea8bce82c554a46f307459f,1,credit_card,3,39.1
00ba414462370af2d76195d12e0d5481,1,credit_card,3,39.09
00fbcd8b120e5706c58b9d1a0026a7da,1,boleto,1,24.01
00cfabbe2a93b70beeec4894f86712a8,1,boleto,1,45.1
0072847849eafe70995fa51a714c81ac,1,boleto,1,234.89
005cad6157eadc7f1f09917607f1704a,1,credit_card,2,110.84
0148d3df00cebda592d4e5f966e300cc,1,credit_card,1,86.9
013a98b3a668bcef05b98898177f6923,1,credit_card,3,198.7
012a238ab54294a3b365812ccc82b135,1,credit_card,1,175.77
00b676b01c289cc661c6f7732492771a,1,credit_card,1,71.19
01156b662f3f47b249b5a8881d205f08,1,credit_card,1,43.0
0040a56893444cb56cba7cfe2225e34e,1,credit_card,1,119.29
01255808a3d38a8dd69aa93265a4cb88,1,credit_card,10,519.16
00ce92d57f4f9a112bdb8a2a283e5f97,1,credit_card,2,189.37
00685d31ae12e47470ba5c18ba74f22c,1,credit_card,7,75.17
00d88c00221ce96a1cfcaca9f2fceb3b,1,credit_card,1,347.56
003d804eef0e1b856881cd18e0cc0d4c,1,credit_card,3,312.74
012eab2625c5f8aaac6f37f2c19ef62f,1,credit_card,6,97.22
00c00d5b36157595e21108ba1da2828f,1,boleto,1,312.92
0044c6f6d22dd280534344177c81b989,1,credit_card,1,196.07
010d15deea8cae96ae86ea8097917a17,1,credit_card,10,300.55
008819c6d5f6da6fa5cd9d50ca927cf4,1,credit_card,2,62.65
00f5fbdc777e8198c1ee008122e28ae3,1,credit_card,5,221.07
013037c3f1773cc8fdbaf8ff54d8013b,2,voucher,1,22.93
00e0bac9f6306d8269770acf4ee4b027,1,boleto,1,94.3
008a40c2b8b21893e04945ce58854b55,1,credit_card,2,112.0
0032d07457ae9c806c79368d7d9ce96b,1,credit_card,2,186.19
00f9b6769c6648ac08bf43081d1f2b07,1,credit_card,2,89.61
00a13ab02fbe82f78cd84f14e41564ed,1,credit_card,1,168.35
004b62108b876867938746ad3154167f,1,boleto,1,118.35
00c95282163553a982f38481f9488481,2,voucher,1,20.0
00259a44fcad3fc0474329e925d14fc3,1,credit_card,1,34.09
00eef7fe9e315a85d1a61a50cccb2494,1,credit_card,1,63.27
0124e0c5bfae1979838a91e47df53f14,1,credit_card,1,62.38
010fadb12341d8253d920362fc8f7a16,1,credit_card,1,54.0
009ac365164f8e06f59d18a08045f6c4,3,voucher,1,8.25
00df27e666004db9f14bce766fa5327c,1,credit_card,2,203.67
00f33ee62c15223679d3550e751c37cd,1,credit_card,5,54.61
002f98c0f7efd42638ed6100ca699b42,1,credit_card,9,93.62
010a35dc7fc3808a03d243d2fd8c6e35,1,debit_card,1,132.05
002955b0acc63d04f6724a31967e82bd,1,credit_card,1,135.59
00fed9e582d5a3e38566872eec164ac6,1,credit_card,8,412.18
008720830a8a30e39e6f22f81818a141,1,credit_card,1,69.72
000c3e6612759851cc3cbb4b83257986,1,boleto,1,112.71
00ae7a8b4936674ebb701d4a23719a79,1,credit_card,1,37.16
0132fef017ccf586491ca3685de667df,1,credit_card,1,76.87
0067c6030d65af0ff98790158ddb0020,1,credit_card,1,54.06
00c405bd71187154a7846862f585a9d4,4,voucher,1,0.25
008dd5e80ebf8f849aa0c5bf4e22ce7a,1,boleto,1,207.74
00f1c7c1542f5f86c3091749d9e939d8,1,boleto,1,101.34
006e05e81c068ddc38e48ebe189b922e,1,credit_card,1,43.1
00f9b0236a85fb8a06fbd9b9c53fddd8,1,credit_card,6,166.62
00b2d2f2b5f7b98e6b1828764660134e,1,credit_card,4,159.69
00bc78808b22918a467b2fa4b8ef5d68,1,credit_card,8,84.69
010061e3aa0c6ed5e393dda0652bbee8,1,boleto,1,309.29
004ca5ae248069d68e8594df8abf6ce0,1,credit_card,4,221.08
00e5b655df1cc911466758210325c67c,1,credit_card,1,113.5
006dd93155bc2abd844cc5eed3a0fe7f,1,credit_card,3,57.68
010efe60bdadc9261d1902f3c1dda5f3,1,credit_card,1,128.65
00130c0eee84a3d909e75bc08c5c3ca1,1,boleto,1,35.84
0091a677651feaf5a08d7bb147681e14,1,credit_card,1,45.53
00ceda91cb2ded8570ca73e70571740a,1,debit_card,1,34.0
0097aafe2a01dd54e39888976160c377,1,boleto,1,70.59
0009792311464db532ff765bf7b182ae,1,boleto,1,127.55
00fb278a99144cc1004b3ed1452ff5e1,1,credit_card,3,30.95
006e43460a55bc60c0a437521e426529,1,credit_card,3,142.06
00e6bc6b166eb28b4502c1cad4457248,2,voucher,1,66.07
011a56023faf5bbb9af634e20a85f7bc,1,credit_card,6,137.28
0016dfedd97fc2950e388d2971d718c7,2,voucher,1,17.92
01115c06246220def210911556bdc0e5,1,credit_card,1,143.68
012f255bd5034b8e7fb3c91566a91cc8,1,credit_card,1,92.8
00ea33f994bec0bbfda582074083ae12,1,credit_card,1,108.32
0094d4660e323945f84f5c29eb348aae,1,credit_card,8,309.4
011108c8a3d6eee6807f48a2e639439f,1,credit_card,7,691.49
011080783e02d05b26c8c158b3653a42,1,credit_card,1,47.72
00a4d94df1c9757661679b2f4bd6d311,1,boleto,1,59.33
007ec946d4f798caf2b43c9d44c56421,1,boleto,1,43.0
0122e81ff800460e44bb9c983ff2a2fd,1,boleto,1,74.28
00345f338696283410b7977d2e3efc89,1,credit_card,1,67.34
00d1289d5125017a90e528b5a7cee91f,1,credit_card,9,179.0
0081ab2c99dc85945c28926b77dc6960,1,credit_card,4,279.7
0046176ff0dbc2a178b7885355dfbb71,1,credit_card,1,137.72
004345d16a1ab2c21962992c721c8643,1,voucher,1,53.27
00a379dfab816a83741012b71b264098,1,credit_card,1,23.38
0025c5d1a8ca53a240ec2634bb4492ea,1,credit_card,7,419.39
001021efaa8636c29475e7734483457d,1,credit_card,3,64.1
0035246a40f520710769010f752e7507,1,credit_card,8,99.11
00b4846d477a7baf5d4e47970bc08c7e,1,boleto,1,48.01
0136390286be8a34efdc801ed150568f,1,credit_card,4,40.56
00010242fe8c5a6d1ba2dd792cb16214,1,credit_card,2,72.19
00e63486fad9d24645c9c84ed77c15fa,1,credit_card,1,54.32
00f98eaeddb9debc8df8cb27e08216d4,1,boleto,1,60.94
00af53fdc2002f5b6a8f16db648e003b,1,credit_card,2,51.75
0149c597dcc0963d7315f904495b631c,1,credit_card,3,37.88
010ef5b0279d7512e7343cb775e423c0,1,credit_card,1,74.41
0008288aa423d2a3f00fcb17cd7d8719,1,boleto,1,126.54
001e7cf2ad6bef3ade12ebc56ceaf0f3,1,credit_card,2,51.1
0132f39e8ad9b42ad2d41c847f44c0ed,1,credit_card,3,37.16
013b811ba81339b7634ab5231c547e6a,1,credit_card,8,116.94
00ab9fa91aafa3d881164b0da48999aa,1,credit_card,1,644.34
00bdebefeb760588a3425fad9dfed3d9,1,credit_card,6,139.98
01235dc626dcf13283207ba7f36a959a,1,boleto,1,66.86
002175704e8b209f61b9ad5cfd92b60e,1,credit_card,3,123.11
001e7ba991be1b19605ca0316e7130f9,1,credit_card,10,213.21
0132d77609dd6e1867515ec57d898c10,1,credit_card,3,99.35
003324c70b19a16798817b2b3640e721,1,credit_card,5,234.7
012d8cbea490e6102cee6a2088aaa785,1,credit_card,2,112.89
0039500db36d50d7d0bfaf23723550f3,1,credit_card,2,203.23
00f1bb0af030935db1745ee28367ea26,1,credit_card,7,288.88
0016dfedd97fc2950e388d2971d718c7,1,credit_card,5,52.63
00f1a34f176151c4dcbd802c244e1072,1,credit_card,8,84.79
00891ba5de66f55000ee358ceea9b345,1,credit_card,4,149.69
00a57dfbb049fbaae10763e2cf15f797,1,boleto,1,337.38
000e906b789b55f64edcb1f84030f90d,1,credit_card,3,33.84
00ab3a43bda739029ffce95d3b2fb56c,1,boleto,1,35.36
010078e0913f48d014483bd856c01ca1,1,credit_card,1,58.61
00e4050fe32e786290a29c61141e979f,1,credit_card,4,64.0
0108fba93678555ad1cec9c267848187,1,credit_card,3,219.12
0095790a64527ec83aeaaf99023c050e,1,credit_card,6,62.66
00e32e413e017e64ff93a9e800b8e1be,1,credit_card,1,322.17
0098dbda25722a3f019fe252a0cd10b3,1,boleto,1,165.03
010ab3b1993057e91f825c672375a66d,1,credit_card,6,155.05
003f9bcc09427647c4b9d361a523545b,1,credit_card,8,238.8
00e6786fee8f476835c151a4d3fa9bf1,1,credit_card,5,175.77
00cf47526e0f7920b381b2baf4ecf1c7,1,credit_card,1,74.49
010d14f76a229c295260e4ca4744acc7,1,credit_card,1,44.69
0123a055aa66357326dd6db066592a7d,1,boleto,1,175.66
004157daafa0bc8672e01f00e4f0c04f,1,credit_card,4,222.91
0017afd5076e074a48f1f1a4c7bac9c5,1,credit_card,10,853.39
00c42b1633c1b2fa4e937bf312466561,1,credit_card,5,55.0
001ab0a7578dd66cd4b0a71f5b6e1e41,1,boleto,1,127.56
0094dc9ea7e3cd54d95aea42685673ff,1,credit_card,1,104.79
0115f8bb1dc16d3fac863ce1deb037b6,1,credit_card,4,136.46
00c763284c0056eed753352f5559ff0a,1,credit_card,6,94.55
0068c109948b9a1dfb8530d1978acef3,1,boleto,1,103.38
001ac194d4a326a6fa99b581e9a3d963,1,boleto,1,62.54
0101aea69a09e1aa32caa6dbaba98503,1,credit_card,8,94.9
0143924743f240e1fdcd6a8918fbe147,1,credit_card,3,111.89
0136bcc7370d7fdf44bd916a6dd583c6,1,credit_card,1,46.31
00bd8cf08fa3998ea6ad6d16c2165822,1,credit_card,1,34.28
011105c3b5b8693eda1bfb1f152cec2a,1,credit_card,5,251.59
00229e4e43f7a7e0b9dd819ad43268d3,1,credit_card,1,91.39
0025081dcf9330f9a5052ae82c6ce396,1,credit_card,3,33.18
002691433f09002ac9ca0c4e8dbb8ead,1,credit_card,1,120.43
00a77f9cc25b05b2004752593d7b8888,1,credit_card,9,196.4
009fa9bd0d92710e840793bfefa80867,1,boleto,1,100.33
000f25f4d72195062c040b12dce9a18a,1,credit_card,1,164.39
004ba47bb589cdbc485e6025bd6d3c81,1,credit_card,6,60.85
00789ce015e7e5791c7914f32bb4fad4,1,credit_card,10,190.81
006127b8b9a1681a982313ed7129c3c0,1,boleto,1,556.22
00c47cfa491ef55779ec7557673087fc,1,credit_card,1,72.07
013bc5ce14f856d31efc8bebdc3a278f,1,credit_card,1,32.61
01380d0df5b7dc8bd13f2266a57bd42c,1,credit_card,2,27.86
00042b26cf59d7ce69dfabb4e55b4fd9,1,credit_card,3,218.04
008eaf9004164883520d0bd32b107261,1,boleto,1,157.34
00995d799817ecc3bd2abd8fbe59c430,1,voucher,1,62.82
002f19a65a2ddd70a090297872e6d64e,2,voucher,1,33.18
012219b6d6d034eb359fc74730a080db,1,credit_card,1,217.4
0046e1d57f4c07c8c92ab26be8c3dfc0,1,credit_card,1,15.57
006557c3221c1fcd02b0106343ab357b,1,credit_card,1,23.17
008c3a655c66f4d92370d0d422732f69,1,boleto,1,99.44
0115d160c5fbd758a139ff90821db60d,1,boleto,1,411.63
011fcb4fabb3e142579ad63472b11227,1,boleto,1,23.1
0005a1a1728c9d785b8e2b08b904576c,1,credit_card,3,157.6
0079bca8e89bd52fdb87408e4f3fb94d,1,boleto,1,57.29
008cfe221ab054c89bc31720098cca51,1,credit_card,4,146.84
013056cfe49763c6f66bda03396c5ee3,1,credit_card,5,254.7
010b0f6bd323a9effd095a743e660f26,1,credit_card,3,36.71
01311f2795d8463a11f9422173687696,1,boleto,1,128.46
01358622f65717728b3b2ec2cf4e8812,1,credit_card,1,6.97
00b6e66f005a657a6b13eedcacdf9342,1,credit_card,8,477.32
0030ff924c38549807645976adeef2c0,1,credit_card,2,292.24
00fc308dd7f0937682698becaa9dcc45,1,voucher,1,104.11
01218a8a807fc187849529e6f12237a9,1,credit_card,1,30.1
0093cbf16a6afb7f0ab7cc821b6f9e92,1,credit_card,2,142.96
00b8d354b36820e9d6131fd5173c5581,1,boleto,1,65.31
0010b2e5201cc5f1ae7e9c6cc8f5bd00,1,credit_card,3,65.5
0019c29108428acffd089c36103c9440,1,credit_card,7,79.85
0020262c8a370bd5a174ea6a2a267321,1,credit_card,2,100.55
