order_id,customer_id,order_status,order_purchase_timestamp,order_approved_at,order_delivered_carrier_date,order_delivered_customer_date,order_estimated_delivery_date
00010242fe8c5a6d1ba2dd792cb16214,3ce436f183e68e07877b285a838db11a,delivered,2017-09-13 08:59:02,2017-09-13 09:45:35,2017-09-19 18:34:16,2017-09-20 23:43:48,2017-09-29 00:00:00
00018f77f2f0320c557190d7a144bdd3,f6dd3ec061db4e3987629fe6b26e5cce,delivered,2017-04-26 10:53:06,2017-04-26 11:05:13,2017-05-04 14:35:00,2017-05-12 16:04:24,2017-05-15 00:00:00
000229ec398224ef6ca0657da4fc703e,6489ae5e4333f3693df5ad4372dab6d3,delivered,2018-01-14 14:33:31,2018-01-14 14:48:30,2018-01-16 12:36:48,2018-01-22 13:19:16,2018-02-05 00:00:00
00024acbcdf0a6daa1e931b038114c75,d4eb9395c8c0431ee92fce09860c5a06,delivered,2018-08-08 10:00:35,2018-08-08 10:10:18,2018-08-10 13:28:00,2018-08-14 13:32:39,2018-08-20 00:00:00
00042b26cf59d7ce69dfabb4e55b4fd9,58dbd0b2d70206bf40e62cd34e84d795,delivered,2017-02-04 13:57:51,2017-02-04 14:10:13,2017-02-16 09:46:09,2017-03-01 16:42:31,2017-03-17 00:00:00
00048cc3ae777c65dbb7d2a0634bc1ea,816cbea969fe5b689b39cfc97a506742,delivered,2017-05-15 21:42:34,2017-05-17 03:55:27,2017-05-17 11:05:55,2017-05-22 13:44:35,2017-06-06 00:00:00
00054e8431b9d7675808bcb819fb4a32,32e2e6ab09e778d99bf2e0ecd4898718,delivered,2017-12-10 11:53:48,2017-12-10 12:10:31,2017-12-12 01:07:48,2017-12-18 22:03:38,2018-01-04 00:00:00
000576fe39319847cbb9d288c5617fa6,9ed5e522dd9dd85b4af4a077526d8117,delivered,2018-07-04 12:08:27,2018-07-05 16:35:48,2018-07-05 12:15:00,2018-07-09 14:04:07,2018-07-25 00:00:00
0005a1a1728c9d785b8e2b08b904576c,16150771dfd4776261284213b89c304e,delivered,2018-03-19 18:40:33,2018-03-20 18:35:21,2018-03-28 00:37:42,2018-03-29 18:17:31,2018-03-29 00:00:00
0005f50442cb953dcd1d21e1fb923495,351d3cb2cee3c7fd0af6616c82df21d3,delivered,2018-07-02 13:59:39,2018-07-02 14:10:56,2018-07-03 14:25:00,2018-07-04 17:28:31,2018-07-23 00:00:00
00061f2a7bc09da83e415a52dc8a4af1,c6fc061d86fab1e2b2eac259bac71a49,delivered,2018-03-24 22:16:10,2018-03-24 22:28:09,2018-03-27 05:26:55,2018-03-29 00:04:19,2018-04-09 00:00:00
00063b381e2406b52ad429470734ebd5,6a899e55865de6549a58d2c6845e5604,delivered,2018-07-27 17:21:27,2018-07-27 18:00:06,2018-07-30 14:52:00,2018-08-07 13:56:52,2018-08-07 00:00:00
0006ec9db01a64e59a68b2c340bf65a7,5d178120c29c61748ea95bac23cb8f25,delivered,2018-07-24 17:04:17,2018-07-24 17:24:20,2018-07-25 11:02:00,2018-07-31 01:04:15,2018-08-22 00:00:00
0008288aa423d2a3f00fcb17cd7d8719,2355af7c75e7c98b43a87b2a7f210dc5,delivered,2018-02-13 22:10:21,2018-02-15 03:55:52,2018-02-20 18:23:28,2018-02-26 13:55:22,2018-03-06 00:00:00
0009792311464db532ff765bf7b182ae,2a30c97668e81df7c17a8b14447aeeba,delivered,2018-08-14 20:43:09,2018-08-15 12:15:10,2018-08-15 15:28:00,2018-08-22 12:02:27,2018-08-28 00:00:00
0009c9a17f916a706d71784483a5d643,8a250edc40ebc5c3940ebc940f16a7eb,delivered,2018-04-25 09:10:41,2018-04-25 09:33:19,2018-04-27 15:14:00,2018-04-30 17:54:25,2018-05-09 00:00:00
000aed2e25dbad2f9ddb70584c5a2ded,fff5169e583fd07fac9fec88962f189d,delivered,2018-05-11 20:33:38,2018-05-11 20:57:03,2018-05-16 14:26:00,2018-05-18 16:46:31,2018-05-22 00:00:00
000c3e6612759851cc3cbb4b83257986,3773bcf1a6fbd29233ea1c1b573c4f22,delivered,2017-08-12 10:08:57,2017-08-15 03:35:32,2017-08-15 15:32:51,2017-08-19 15:22:17,2017-09-01 00:00:00
000e562887b1f2006d75e0be9558292e,2b01d668726fb0b751c55918c0437b7b,delivered,2018-02-22 11:54:42,2018-02-22 12:08:37,2018-02-26 14:18:32,2018-03-12 18:46:34,2018-03-19 00:00:00
000e63d38ae8c00bbcb5a30573b99628,98884e672c5ba85f4394f2044e1a3eab,delivered,2018-03-23 19:48:26,2018-03-23 20:07:49,2018-03-26 21:38:48,2018-03-27 14:51:47,2018-04-05 00:00:00
000e906b789b55f64edcb1f84030f90d,6a3b2fc9f270df258605e22bef19fd88,delivered,2017-11-21 18:54:23,2017-11-21 19:09:02,2017-11-22 20:46:54,2017-12-09 17:27:23,2017-12-07 00:00:00
000f25f4d72195062c040b12dce9a18a,86ade8ebc14f18dd6c3ea75bd0eb7534,delivered,2018-03-07 10:33:13,2018-03-07 11:10:11,2018-03-16 15:58:31,2018-03-22 16:51:52,2018-04-11 00:00:00
001021efaa8636c29475e7734483457d,2dfbf74859104caf100df3720a1d833d,delivered,2018-02-27 09:27:14,2018-02-27 09:35:41,2018-02-27 21:43:46,2018-03-08 20:06:33,2018-03-23 00:00:00
0010b2e5201cc5f1ae7e9c6cc8f5bd00,57ef317d4818cb42680fc9dfd13867ce,delivered,2017-09-11 17:39:33,2017-09-11 18:04:37,2017-09-12 17:02:57,2017-09-23 13:21:21,2017-09-27 00:00:00
00119ff934e539cf26f92b9ef0cdfed8,7dd2e283f47deac853cf70f3b63c8d86,delivered,2017-08-06 00:42:49,2017-08-07 00:35:12,2017-08-07 21:12:34,2017-08-16 17:29:59,2017-08-31 00:00:00
0011d82c4b53e22e84023405fb467e57,2013d892495e1a101d742d533d2d1119,delivered,2018-01-16 21:43:23,2018-01-16 21:51:25,2018-01-23 22:08:06,2018-01-26 22:14:02,2018-02-15 00:00:00
00125cb692d04887809806618a2a145f,8afb90a97ee661103014329b1bcea1a2,delivered,2017-03-23 12:21:17,2017-03-23 13:05:42,2017-03-27 08:58:04,2017-04-07 15:32:47,2017-04-20 00:00:00
00130c0eee84a3d909e75bc08c5c3ca1,47d656c08a282ec5ab4c1f18303a3a30,delivered,2018-06-11 21:17:00,2018-06-12 05:16:24,2018-06-12 14:22:00,2018-06-13 15:28:25,2018-06-20 00:00:00
0013503b13da1eac686219390b7d641b,f7277fce45fad3165379c15cacf5ddbe,delivered,2017-12-05 23:40:59,2017-12-07 03:16:36,2017-12-07 22:59:30,2017-12-20 22:46:28,2017-12-28 00:00:00
00137e170939bba5a3134e2386413108,7b63cba66b8e6d002e94d0990c1e2868,delivered,2017-11-24 16:50:38,2017-11-25 06:30:55,2017-11-28 19:43:52,2017-12-11 19:12:55,2017-12-18 00:00:00
001427c0ec99cf8af737bd88e92fd444,eab9c552374be06ed15923016dc9e588,delivered,2018-04-07 18:51:22,2018-04-07 19:08:28,2018-04-09 23:29:32,2018-04-25 23:38:41,2018-05-10 00:00:00
00143d0f86d6fbd9f9b38ab440ac16f5,2e45292979b9b2700ea09560eeb0f803,delivered,2017-10-16 15:29:43,2017-10-16 16:07:52,2017-10-16 23:04:43,2017-10-27 18:43:56,2017-11-06 00:00:00
0014ae671de39511f7575066200733b7,41065d9dcea52218c3943d2eed072b97,delivered,2017-05-22 13:49:03,2017-05-23 03:15:24,2017-05-29 09:04:02,2017-06-07 13:52:52,2017-06-13 00:00:00
0015ebb40fb17286bea51d4607c4733c,da43a556bf5c36a1104c473cff77de6c,delivered,2018-01-14 09:01:36,2018-01-14 09:11:24,2018-01-17 22:56:36,2018-02-01 20:29:51,2018-02-15 00:00:00
00169e31ef4b29deaae414f9a5e95929,efb3830adb68fb8a89c948774388ec28,delivered,2018-01-16 09:26:39,2018-01-17 03:35:47,2018-01-17 16:46:04,2018-01-23 20:19:04,2018-02-07 00:00:00
0016dfedd97fc2950e388d2971d718c7,2c8b917c5d7dd720ebe36a5ed3b501ec,delivered,2017-04-28 19:54:40,2017-04-29 10:05:12,2017-05-16 08:40:49,2017-05-22 18:32:21,2017-06-01 00:00:00
0017afd5076e074a48f1f1a4c7bac9c5,8085a9af46f619bc25966f151a362b0d,delivered,2017-04-06 22:16:10,2017-04-06 22:25:19,2017-04-17 13:54:37,2017-05-23 08:32:07,2017-05-19 00:00:00
001862358bf858722e1e2ae000cfed8b,2cf869dd40c98f29686f636d83545cce,delivered,2018-02-06 19:11:57,2018-02-07 19:10:37,2018-02-08 17:44:13,2018-02-15 22:57:01,2018-03-02 00:00:00
0019c29108428acffd089c36103c9440,5f6bbac628ae418db4e0f92932f899c1,delivered,2018-03-06 06:40:28,2018-03-06 06:50:26,2018-03-07 01:20:05,2018-03-16 22:34:53,2018-04-11 00:00:00
001ab0a7578dd66cd4b0a71f5b6e1e41,8bb3bef4e75a95524235cdc11a7331af,delivered,2017-12-27 00:38:47,2017-12-28 02:33:42,2017-12-28 18:09:35,2018-01-17 20:43:29,2018-01-29 00:00:00
001ac194d4a326a6fa99b581e9a3d963,f4f17ada91ef010cbde3892ae54e625f,delivered,2018-07-04 11:39:11,2018-07-06 02:51:10,2018-07-06 08:58:00,2018-07-12 17:48:49,2018-07-17 00:00:00
001b76dd48a5b1eee3e87778daa40df8,a62843b08086d1629415a203a7fd419d,delivered,2018-03-26 17:42:53,2018-03-26 17:50:17,2018-03-29 23:32:44,2018-04-06 18:36:23,2018-04-27 00:00:00
001c85b5f68d2be0cb0797afc9e8ce9a,48ed31e735f1c420ed6ca3637b7c744d,delivered,2017-11-24 19:19:18,2017-11-24 22:38:47,2017-11-27 12:42:15,2017-12-22 18:37:40,2017-12-14 00:00:00
001d8f0e34a38c37f7dba2a37d4eba8b,d987da9fb4086ab7c2c0f83963cd6722,delivered,2017-05-14 17:19:44,2017-05-14 17:35:11,2017-05-24 15:45:01,2017-05-26 13:14:50,2017-05-24 00:00:00
001daeb0eddc45b999bad0801ad9d273,3ba02060e681d361d603d5f7ef0a730b,delivered,2017-05-17 23:19:34,2017-05-19 02:15:20,2017-05-19 10:03:49,2017-06-08 15:34:07,2017-06-19 00:00:00
001dbc16dc51075e987543d23a0507c7,698a74f33469466fa4172e829505d1c6,delivered,2017-01-28 13:17:57,2017-01-28 13:32:16,2017-02-01 15:59:46,2017-02-13 13:17:47,2017-03-20 00:00:00
001e7ba991be1b19605ca0316e7130f9,b6a1445ee505f3a95c827e7a5188ad02,delivered,2017-03-18 11:47:37,2017-03-18 11:47:37,2017-03-20 10:14:45,2017-03-28 14:23:33,2017-04-12 00:00:00
001e7cf2ad6bef3ade12ebc56ceaf0f3,d1684ed69f8fd574b7c344de923f379a,delivered,2018-05-19 10:29:23,2018-05-19 10:59:50,2018-05-21 14:34:00,2018-06-04 18:08:23,2018-06-05 00:00:00
0020262c8a370bd5a174ea6a2a267321,9ec353f970bdf785f6568724d9ea19aa,delivered,2017-11-28 09:32:49,2017-11-28 09:58:07,2017-11-29 00:09:20,2017-12-02 12:27:33,2017-12-22 00:00:00
0020a222f55eb79a372d0efee3cca688,0c45155afd8ff99622c40824057f9b34,delivered,2017-08-15 02:45:18,2017-08-15 03:03:44,2017-08-15 16:40:22,2017-08-24 19:19:56,2017-09-06 00:00:00
002175704e8b209f61b9ad5cfd92b60e,a562db3c7cb9a68947debd30879b491e,delivered,2018-04-22 12:13:25,2018-04-24 17:24:48,2018-04-23 19:03:19,2018-05-02 20:38:44,2018-05-14 00:00:00
00229e4e43f7a7e0b9dd819ad43268d3,655418b3cc52d17ccb5b4330a7f03197,delivered,2018-03-31 16:41:54,2018-03-31 16:50:11,2018-04-02 22:38:53,2018-04-05 19:02:44,2018-04-26 00:00:00
0025081dcf9330f9a5052ae82c6ce396,7e6fefa11d6a2c832593264f69df9de3,delivered,2018-03-27 16:25:35,2018-03-27 16:35:20,2018-03-28 17:58:37,2018-04-05 23:48:37,2018-04-17 00:00:00
00254baeb6c932b0a8aeead91fbd02b5,ce0421a97232c2a1194cdb66cd3ebb9d,delivered,2018-05-08 21:45:54,2018-05-08 22:14:46,2018-05-09 13:51:00,2018-05-30 19:38:36,2018-06-05 00:00:00
00259a44fcad3fc0474329e925d14fc3,7715f80f77f2ebf4583f97a0a6a7548b,delivered,2017-12-27 17:52:11,2017-12-27 17:59:35,2017-12-28 21:53:36,2018-01-04 13:32:46,2018-01-22 00:00:00
0025c5d1a8ca53a240ec2634bb4492ea,2430ad4b1b6efb56cf3050b5d3cf5e54,delivered,2018-07-08 09:17:59,2018-07-08 09:30:09,2018-07-10 13:36:00,2018-07-31 10:51:58,2018-08-03 00:00:00
002611a77fe03d076285fd4ca95db77c,2b6cb6a4852a866c3b71dcbc7c5a2fce,delivered,2018-02-27 17:46:23,2018-03-01 02:49:09,2018-03-02 03:12:49,2018-03-22 19:03:31,2018-03-26 00:00:00
002691433f09002ac9ca0c4e8dbb8ead,630b8c2f4134e83812d827e8006caa85,delivered,2017-02-02 21:18:03,2017-02-02 21:30:13,2017-02-03 12:34:49,2017-02-07 13:04:37,2017-03-03 00:00:00
0026a368634b6e6f34f33b1499773a30,66b8528f2144c6cf919795323c4d43fb,delivered,2017-10-27 21:10:26,2017-10-27 21:26:45,2017-11-03 20:59:39,2017-11-07 21:58:51,2017-12-01 00:00:00
00275bce676303c3bfd7292aefdfa223,a12427487c970a4a75dbeb5884f126a8,delivered,2017-11-24 23:10:30,2017-11-28 03:39:45,2017-11-29 17:28:59,2017-12-04 19:42:16,2017-12-14 00:00:00
00276d5c3491fbf55305e26891040df9,54686c41e86854e35879efbd1c2cab1b,delivered,2018-02-13 11:47:21,2018-02-13 12:55:57,2018-02-20 23:19:10,2018-03-16 19:57:52,2018-03-22 00:00:00
002834535f7a609a5c68266f173fa59e,89a6b1bfbe1b366503995b8df4c49450,delivered,2018-07-23 17:26:00,2018-07-28 23:30:59,2018-07-24 15:53:00,2018-08-11 01:48:33,2018-08-14 00:00:00
0028de0ca693a1bb26448916a81105cc,4b4773853bbbc435ddddd51bd6c6a002,delivered,2018-08-15 14:59:36,2018-08-17 03:35:17,2018-08-17 09:45:00,2018-08-28 18:58:21,2018-09-11 00:00:00
002955b0acc63d04f6724a31967e82bd,accb4b4ad075d07a833eacca116071c7,delivered,2017-12-18 13:43:54,2017-12-18 15:51:31,2017-12-19 17:51:40,2017-12-26 18:28:29,2018-01-16 00:00:00
0029c5db35ef291ce99d1262012e7daa,2f08bf21468eccdf69598582d4b89fb5,delivered,2018-08-25 00:09:40,2018-08-28 03:50:23,2018-08-29 13:24:00,2018-08-30 18:34:37,2018-09-03 00:00:00
0029f17cf0e7640c5cb6825af681303f,687223424c00a708c168301ebb8d16ef,delivered,2018-05-02 11:59:06,2018-05-02 12:14:52,2018-05-03 12:12:00,2018-05-10 23:42:18,2018-05-22 00:00:00
002af7fa9eb99d1456bceb6a13d6fc0b,bacf5021c97183a2a3946dff31e56098,delivered,2018-02-18 18:46:28,2018-02-18 19:46:50,2018-02-19 20:35:16,2018-03-12 18:15:42,2018-03-15 00:00:00
002b430ff89b3a24c31a1170acbbedea,8d69dbf0f4dcb6c90367e0877ae94732,delivered,2017-06-20 21:55:21,2017-06-20 22:10:14,2017-06-21 11:26:14,2017-06-29 14:57:35,2017-07-12 00:00:00
002b4e6fa42cd4a22cc86abc18fe9c05,a5fd6dd86d703cedc9ab6be3dba12816,delivered,2018-03-11 10:24:44,2018-03-11 10:35:37,2018-03-12 19:47:30,2018-03-19 22:34:41,2018-04-06 00:00:00
002c9def9c9b951b1bec6d50753c9891,06cf02bf583b05fd91bc8eec0f1b4c3f,delivered,2018-05-14 16:57:47,2018-05-15 17:37:51,2018-05-17 13:27:00,2018-05-18 14:37:38,2018-05-25 00:00:00
002d040018d12a3853c059f7f23ab5b1,d7a77284d0a56f6b1ecb8c344b60d3e4,delivered,2017-11-19 19:16:07,2017-11-21 03:47:23,2017-11-21 23:21:31,2017-11-27 18:54:09,2017-12-08 00:00:00
002f16b7bc4530031b7d90f791b12d8a,1eeffe21744883fbf61fbf138dbb8eee,delivered,2018-07-02 16:51:47,2018-07-02 17:11:12,2018-07-03 16:35:00,2018-07-06 18:14:47,2018-07-25 00:00:00
002f19a65a2ddd70a090297872e6d64e,7fa80efb1ef15ca4104627910c29791c,shipped,2018-03-21 13:05:30,2018-03-21 13:15:27,2018-03-22 00:13:35,,2018-04-16 00:00:00
002f98c0f7efd42638ed6100ca699b42,75fd1fb0bb511fc71ac2b2649c02b21b,delivered,2017-08-04 09:19:10,2017-08-04 09:30:15,2017-08-04 18:09:47,2017-08-07 19:07:30,2017-09-05 00:00:00
0030d783f979fbc5981e75613b057344,84ddc138522822dfb51b603c2f466a18,delivered,2017-11-24 20:03:02,2017-11-24 23:13:38,2017-12-15 19:34:13,2018-01-06 00:25:43,2017-12-15 00:00:00
0030ff924c38549807645976adeef2c0,c46e1af5a15417246a9c5e81ac964358,delivered,2018-03-25 16:52:27,2018-03-25 17:10:21,2018-04-07 01:18:33,2018-04-16 15:39:49,2018-04-20 00:00:00
00310b0c75bb13015ec4d82d341865a4,0dad07848c618cc5a4679a1bfe1db8d2,canceled,2018-08-15 14:29:08,2018-08-15 15:04:25,,,2018-08-29 00:00:00
00324b3eda39ba5ecce3945823e3594c,cbde8134b8a718381d08167dfc58ec8c,delivered,2018-04-10 01:14:18,2018-04-11 09:12:11,2018-04-16 19:30:42,2018-05-03 20:29:24,2018-04-30 00:00:00
0032d07457ae9c806c79368d7d9ce96b,d356c20816dc75a309628b5c17d89468,delivered,2018-03-10 18:53:06,2018-03-10 19:48:19,2018-03-13 17:16:42,2018-04-29 21:08:59,2018-04-17 00:00:00
003324c70b19a16798817b2b3640e721,43696894b5bf8fbe1a40b2148ea505a0,delivered,2017-05-18 19:04:48,2017-05-18 19:22:34,2017-05-19 16:04:55,2017-05-30 08:12:15,2017-06-07 00:00:00
00335b686d693c7d72deeb12f8e89227,d96e5c4400413a11fa8c9fd54be4a20b,delivered,2017-07-17 21:25:23,2017-07-19 03:45:26,2017-07-19 17:07:11,2017-09-12 20:58:45,2017-08-11 00:00:00
00335f75ea6a4455b524a8dd177067f5,32b84239e3f3904ac162d832454770c7,delivered,2018-04-25 21:47:26,2018-04-25 22:10:29,2018-04-27 14:49:00,2018-05-03 22:16:51,2018-05-28 00:00:00
00337fe25a3780b3424d9ad7c5a4b35e,4b1b5c848616a4b5fa9d76cb1d12067b,delivered,2017-09-25 17:39:29,2017-09-25 17:50:16,2017-09-26 22:31:51,2017-09-27 16:52:40,2017-10-10 00:00:00
003423b755b562962a6225a8de40d12e,18f1bb6325d50619d5c13b7a25b869fd,delivered,2018-07-08 11:28:17,2018-07-10 04:25:09,2018-07-13 15:00:00,2018-07-24 21:33:38,2018-08-08 00:00:00
00345f338696283410b7977d2e3efc89,3f9d223f86d2f243dd5a85fdc286c62a,delivered,2018-08-20 11:06:46,2018-08-20 15:12:10,2018-08-21 13:18:00,2018-08-30 21:13:48,2018-09-11 00:00:00
0035246a40f520710769010f752e7507,4bcf2ad7ccc061c13ff360aae5b7abcd,delivered,2017-08-17 00:57:23,2017-08-17 01:25:39,2017-08-22 15:33:53,2017-08-28 19:14:03,2017-09-06 00:00:00
0035c0b07126fe9c24a325216fb96064,c8c4991d84dbfef1f61c6152486db6d4,delivered,2017-11-24 01:08:37,2017-11-24 01:29:45,2017-11-28 17:17:17,2017-12-07 16:59:21,2018-01-03 00:00:00
0035e6b7ade84b3f5b86bd49814793df,3a0cc7c9af6abf8868dad5a1de4a16e1,delivered,2018-02-21 02:46:23,2018-02-21 07:10:40,2018-02-22 00:51:33,2018-02-26 16:49:02,2018-03-13 00:00:00
0036757472ece3dde52fd4bfd929c90e,ea477083e770db0655938e79149f8c24,delivered,2018-07-19 14:58:59,2018-07-19 15:10:11,2018-08-07 07:45:00,2018-08-09 14:33:40,2018-08-20 00:00:00
0036887767dea4bd43b1a88cd0d9477a,43bb6f9650ab2a7e6ef1c93168c4cfcf,delivered,2017-10-13 00:04:49,2017-10-14 00:07:30,2017-10-17 12:56:45,2017-10-23 19:09:12,2017-11-01 00:00:00
00378c6c981f234634c0b9d6128df6dd,f3476df115c5d26bdb6bfb71b5fb66af,delivered,2018-02-02 19:39:46,2018-02-02 19:50:27,2018-02-05 18:06:49,2018-02-26 21:36:00,2018-02-26 00:00:00
003822434f91204da0a51fe4cf2aba18,327679cc34d41d4c48ee5e55246aa6d6,delivered,2018-06-13 14:10:54,2018-06-15 02:37:21,2018-06-15 14:48:00,2018-06-19 13:34:35,2018-07-20 00:00:00
0039500db36d50d7d0bfaf23723550f3,90bd9911aed064dfc625750fbd83ebca,delivered,2018-07-06 10:37:32,2018-07-06 10:51:09,2018-07-07 09:15:00,2018-07-21 00:08:29,2018-08-03 00:00:00
003a7f59d7e08a9c61d9e2881fe6459c,f7838e5eeb3271df42376952e651e403,delivered,2018-08-19 12:51:50,2018-08-20 11:49:46,2018-08-22 12:04:00,2018-08-27 22:32:15,2018-08-29 00:00:00
003a94f778ef8cfd50247c8c1b582257,da108bc410acffb1400cf9caea65a332,delivered,2018-08-03 14:52:31,2018-08-03 15:05:14,2018-08-06 14:12:00,2018-08-24 00:18:38,2018-08-15 00:00:00
003cc6161d7a2593f2525cce0c330d32,7d9802889236ab8fc541bfb438978cd7,delivered,2018-08-03 19:33:35,2018-08-03 20:04:14,2018-08-06 15:02:00,2018-08-07 11:32:11,2018-08-08 00:00:00
003d0634280ff3d1d3a54459349a6899,cca819156e50623e9d3762ebeee308dc,delivered,2018-03-17 17:50:30,2018-03-17 18:08:43,2018-03-23 19:24:35,2018-03-27 22:34:57,2018-03-29 00:00:00
003d804eef0e1b856881cd18e0cc0d4c,1c1bfb2cd4aa789067295941c42120ff,delivered,2017-11-17 19:43:10,2017-11-18 12:15:18,2017-11-21 22:38:54,2018-01-10 23:19:43,2017-12-18 00:00:00
003d9fc84ad902adf2265248b5ffe1a4,8c66482ec333eae596c93a9131981a9a,delivered,2018-08-19 19:43:01,2018-08-20 19:35:22,2018-08-22 10:06:00,2018-08-27 18:17:49,2018-09-05 00:00:00
003edccf16bc5ec447f592913b3df2b4,ab3642244247c0c638253fe68ee4c345,delivered,2018-07-07 09:02:51,2018-07-07 10:15:21,2018-07-13 14:11:00,2018-08-02 23:07:33,2018-08-03 00:00:00
003f201cdd39cdd59b6447cff2195456,e41d728aab3d0dff5fb070f93eb61345,delivered,2018-02-21 16:59:24,2018-02-21 17:10:41,2018-02-23 00:07:44,2018-03-28 18:54:53,2018-03-22 00:00:00
003f9bcc09427647c4b9d361a523545b,a1a6d4f18deef15fee3ad4b6f36a7ce0,delivered,2018-02-06 13:06:45,2018-02-06 13:15:37,2018-02-06 21:52:33,2018-02-08 19:06:53,2018-02-22 00:00:00
00404fa7a687c8c44ca69d42695aae73,0c34c39c897304ff49eeade3059c4c60,delivered,2018-05-07 22:38:21,2018-05-09 04:31:28,2018-05-10 18:29:00,2018-05-18 19:04:11,2018-05-24 00:00:00
0040a56893444cb56cba7cfe2225e34e,74454d0e51e0eeaaaa9b7b135469c420,delivered,2018-01-22 23:50:35,2018-01-23 00:15:10,2018-01-23 23:46:54,2018-02-14 23:12:52,2018-02-21 00:00:00
004157daafa0bc8672e01f00e4f0c04f,42090a79268b92ced0c591a8e63d57c2,delivered,2017-05-21 13:13:54,2017-05-21 13:25:15,2017-05-25 12:05:10,2017-06-02 14:57:49,2017-06-26 00:00:00
00418a49a685c6bb60633291c3fab17a,7d9edced80af5c9503cbf88a9e5f2a3e,delivered,2017-10-03 20:43:03,2017-10-03 20:50:45,2017-10-04 19:51:26,2017-10-05 19:53:19,2017-10-19 00:00:00
004345d16a1ab2c21962992c721c8643,3b723b649feb48f3cfbb9c728efb3d7d,delivered,2018-07-04 06:45:05,2018-07-05 16:09:18,2018-07-05 14:08:00,2018-07-11 17:26:37,2018-07-30 00:00:00
0044c6f6d22dd280534344177c81b989,24436139c80a4ae51c0e3a98469ed7d4,delivered,2018-05-18 16:59:09,2018-05-18 17:15:37,2018-05-21 14:46:00,2018-06-04 20:12:57,2018-06-12 00:00:00
0045e3085f083f0f38d24bb3f22e6593,eb729faa993caad20442243265804a7c,delivered,2017-08-10 16:13:36,2017-08-11 07:15:16,2017-08-16 18:27:40,2017-08-29 20:03:08,2017-08-30 00:00:00
0045f5225a96ef46630701167528fdcb,e3b91047e6ca3f5e8b656750fa3d61b2,delivered,2018-06-10 11:23:39,2018-06-12 04:17:48,2018-06-13 14:32:00,2018-06-18 17:36:49,2018-07-04 00:00:00
0046176ff0dbc2a178b7885355dfbb71,6cae94f1f58ab679c23ceb753967c9bf,delivered,2018-05-29 19:22:17,2018-05-29 19:35:18,2018-05-30 11:29:00,2018-06-04 18:18:29,2018-06-29 00:00:00
0046e1d57f4c07c8c92ab26be8c3dfc0,ae55e228ded796581eccc67045516023,delivered,2017-09-26 15:24:03,2017-09-26 15:49:17,2017-09-28 18:42:42,2017-09-29 18:29:50,2017-10-11 00:00:00
00471463a6106056c1a2a809f70de640,fcad74a7e0dff27c33e36cbd78280bf9,delivered,2017-09-21 22:00:44,2017-09-21 22:46:14,2017-10-04 14:45:15,2017-10-12 12:29:59,2017-10-20 00:00:00
00482f2670787292280e0a8153d82467,baa4ed05f22ffb6c4a41b71b699a492c,delivered,2017-02-13 16:18:07,2017-02-14 03:42:56,2017-02-14 08:32:53,2017-02-15 11:35:56,2017-03-10 00:00:00
0049edf42837aa808e03552a62bd2158,0f3a6d2c22bbdb61d02eb98f4a1e0dfb,delivered,2017-12-30 12:33:26,2017-12-30 12:48:10,2018-01-04 22:38:07,2018-01-30 22:18:47,2018-02-01 00:00:00
004b62108b876867938746ad3154167f,7ddb7e4242fcc518842aade22f5bee4d,delivered,2018-07-04 20:34:26,2018-07-05 16:40:11,2018-07-11 14:12:00,2018-07-13 02:46:28,2018-07-19 00:00:00
004ba47bb589cdbc485e6025bd6d3c81,ab30bf72cae845f3814c7baa50ca549a,delivered,2017-12-25 20:40:15,2017-12-25 20:48:10,2017-12-26 20:39:05,2017-12-29 20:24:23,2018-01-19 00:00:00
004ca5ae248069d68e8594df8abf6ce0,576908744ae56c9cf061c40a434e2a24,delivered,2018-06-06 18:30:20,2018-06-06 18:52:39,2018-06-07 14:17:00,2018-06-15 22:12:30,2018-07-26 00:00:00
004d76fef3dd46eb4f70da049c8d1f93,e600c255f682a86dfd0c57d3b1d7417b,delivered,2017-12-20 06:42:39,2017-12-20 11:10:33,2017-12-21 21:26:54,2017-12-26 20:52:29,2018-01-15 00:00:00
004eab0fd8f28adaf8d488976f77febe,c476ddfbabfa4624603e0b7f8e245057,delivered,2017-08-02 15:32:46,2017-08-02 15:45:17,2017-08-02 20:32:44,2017-08-03 18:17:47,2017-08-15 00:00:00
004f5d8f238e8908e6864b874eda3391,a69c820c317aa348d781a9d6732afc23,delivered,2018-02-27 12:16:30,2018-02-28 09:29:25,2018-02-28 20:48:42,2018-03-23 00:52:43,2018-03-21 00:00:00
004fb11815bc03b01b20a614eef69d14,9e2690a7ad4a0fd8bbf0a5b355d5e6ea,delivered,2017-11-25 13:56:55,2017-11-25 14:16:42,2017-11-27 18:22:41,2017-12-16 14:31:43,2017-12-26 00:00:00
004fb5e6f90a178dc74ad2b016649249,176a76443d14508cc976f1d84a44921d,delivered,2017-06-11 09:46:11,2017-06-11 10:02:38,2017-06-12 15:45:00,2017-06-16 16:27:55,2017-07-03 00:00:00
005059edee63c8c708ba61910793b31b,d3b3960bebb0ff8c6edb75c8edd39212,delivered,2018-02-05 18:25:51,2018-02-06 18:30:33,2018-02-07 17:31:55,2018-02-19 21:39:12,2018-03-06 00:00:00
00526a9d4ebde463baee25f386963ddc,5848ef3f994e18c5121d291e0daedc81,delivered,2018-08-07 22:03:44,2018-08-07 22:15:22,2018-08-08 14:11:00,2018-08-16 19:58:24,2018-08-15 00:00:00
0055b77cca3186676c147f532dd2547b,3747cfcc18da3cff44fd440770d92d97,delivered,2018-02-19 21:47:44,2018-02-19 22:47:21,2018-02-20 19:35:24,2018-03-07 19:38:34,2018-03-14 00:00:00
0057199db02d1a5ef41bacbf41f8f63b,c664dc5de5b5f4184bc4ca0285b9f8fe,delivered,2018-01-18 17:05:30,2018-01-20 09:07:51,2018-01-23 14:33:54,2018-02-06 20:07:20,2018-02-20 00:00:00
00571ded73b3c061925584feab0db425,3c628393675b42c6b5ef89461f68ecef,delivered,2017-05-18 20:59:24,2017-05-18 21:10:16,2017-05-22 15:50:30,2017-05-30 09:12:44,2017-06-12 00:00:00
00584d79015452d19fd3d044ba3abdc0,85d84596608ea7f87175ca9521ee12aa,delivered,2017-07-23 19:11:15,2017-07-23 19:27:31,2017-07-24 19:44:26,2017-07-26 18:58:35,2017-08-11 00:00:00
00588f5f20fee630b83d4709e0a42715,b129d989bd1940915efbdc2d239386d3,delivered,2017-08-18 16:02:24,2017-08-19 16:04:45,2017-08-21 21:12:51,2017-08-30 20:43:32,2017-09-29 00:00:00
005997dca4c1fc45066d0a03d54a6469,c5b44be122ce413a4517716ad9dd072e,delivered,2018-04-10 18:01:04,2018-04-10 18:15:20,2018-04-11 22:32:29,2018-04-13 23:04:44,2018-04-26 00:00:00
005a1dded353107dbabf8ffc83a20365,d7165639dc4a682258711343560a17d3,delivered,2018-02-09 18:00:00,2018-02-09 18:10:50,2018-02-14 23:40:04,2018-03-02 22:41:48,2018-03-07 00:00:00
005b49de51a4e006055e8487a50ad8e4,366c88e3ee5ed365c8529a9639c8b91c,delivered,2017-04-09 13:35:38,2017-04-09 13:50:09,2017-04-10 11:18:09,2017-04-27 16:47:35,2017-05-04 00:00:00
005cad6157eadc7f1f09917607f1704a,3c3472f5efc17888458e428b0b9eeef3,delivered,2017-04-15 16:35:52,2017-04-16 16:45:13,2017-04-17 09:05:53,2017-05-03 14:56:08,2017-05-10 00:00:00
005d9a5423d47281ac463a968b3936fb,a2be07c22a9d2071f65b6770e47f540b,delivered,2017-10-18 12:14:29,2017-10-18 12:28:16,2017-10-24 14:56:52,2017-10-27 19:19:43,2017-11-17 00:00:00
005e5166e99d1e4d0c4f808b0540ba94,0f2a7baf176f693c27c891360da9ef2c,delivered,2018-02-21 11:37:24,2018-02-23 02:09:02,2018-03-08 01:10:21,2018-03-27 21:14:59,2018-03-15 00:00:00
005f25968fc854ea16fb16f5bdbc87c7,837cf66598995d5f51efd00d99ced139,delivered,2018-03-04 14:40:35,2018-03-04 15:20:26,2018-03-08 17:27:24,2018-03-20 18:13:37,2018-03-23 00:00:00
00602f25bffa1dcfb71e202fbf9824fb,d91dc5b08f5bb5e181a878580f4ec576,delivered,2017-11-01 17:45:52,2017-11-02 02:35:31,2017-11-03 21:12:51,2017-11-27 21:07:22,2017-12-11 00:00:00
00611822267e76e0055c25c18506f06e,8832232b097dba67d540a76f6ba88795,delivered,2018-07-26 13:35:01,2018-07-26 13:50:14,2018-07-26 14:24:00,2018-07-31 22:52:44,2018-08-20 00:00:00
006127b8b9a1681a982313ed7129c3c0,1aac2b5adf8aec2c00fe67d06aa8ebc2,delivered,2018-03-08 16:01:59,2018-03-09 02:31:25,2018-03-13 03:42:06,2018-03-20 22:27:30,2018-03-26 00:00:00
0064d74f7de7917d54768d7722ad56ac,29dbee0c474f373b72267a9e886522ee,delivered,2017-09-10 21:45:29,2017-09-10 21:55:22,2017-09-12 17:15:00,2017-09-14 17:26:40,2017-09-28 00:00:00
006557c3221c1fcd02b0106343ab357b,ca9e43d2589e04a0608d8989d5c5452d,delivered,2018-02-23 14:36:15,2018-02-23 14:51:13,2018-02-26 22:51:58,2018-03-02 17:28:56,2018-03-23 00:00:00
00664284de7a3470d22931ed78615ee4,cc0f43bd4e0f3ed1a2165365d26029ae,delivered,2017-09-24 13:12:59,2017-09-24 13:30:11,2017-09-25 14:53:50,2017-10-03 22:12:06,2017-10-17 00:00:00
0066a1fdaee16ad5022c5ef979d0b661,f19b59fc51f101023eb15bfbcca65f31,delivered,2018-06-10 19:52:27,2018-06-10 20:17:26,2018-06-11 14:44:00,2018-06-16 15:38:48,2018-07-16 00:00:00
0067c6030d65af0ff98790158ddb0020,a780c20430b67279f7a0b43cf94b1738,delivered,2018-04-27 21:36:27,2018-04-27 21:52:36,2018-05-02 14:41:00,2018-05-07 19:42:40,2018-05-16 00:00:00
0068468c453d28c8ef3fd089e50a5847,6460086b02eadee2bb54c83af13698b0,delivered,2017-11-24 22:25:25,2017-11-25 01:31:26,2017-11-27 23:42:46,2017-12-14 11:47:13,2017-12-20 00:00:00
00685d31ae12e47470ba5c18ba74f22c,eac2fb60d3f12675772fa03f9d8f8ddb,delivered,2017-08-27 21:41:16,2017-08-27 21:55:16,2017-08-29 19:46:04,2017-10-04 10:08:13,2017-09-26 00:00:00
0068c109948b9a1dfb8530d1978acef3,34417388de13fbcd12cfcbd9d1b8dfbd,delivered,2018-01-22 19:46:58,2018-01-24 02:53:04,2018-01-26 16:49:12,2018-02-08 18:39:13,2018-02-20 00:00:00
0068e836900867da359bd81db9227a33,26355ea90aab63ebf5e90caa825a943d,delivered,2017-09-29 11:24:09,2017-09-30 02:24:43,2017-09-30 15:07:31,2017-10-05 20:51:12,2017-10-24 00:00:00
0068fb0e223115e911d362627e8b8800,f0bc088c671f31458f73cc1a6a347842,delivered,2018-07-18 10:46:09,2018-07-19 02:50:11,2018-07-19 12:50:00,2018-07-25 21:04:16,2018-08-15 00:00:00
006c42f310102c1910b3c5793ce5fc34,d63e92aea6fb367972e3cc4f232a1976,delivered,2018-08-06 16:12:32,2018-08-06 16:24:34,2018-08-08 12:16:00,2018-08-15 19:52:24,2018-08-20 00:00:00
006cb7cafc99b29548d4f412c7f9f493,97dc92f1aae3a7db8b252d1b8466910e,delivered,2018-02-17 14:22:34,2018-02-17 14:35:28,2018-02-20 19:08:00,2018-02-25 13:46:52,2018-03-13 00:00:00
006cba07f62f921fe4f58365bde2b2eb,c4e00400b6f79caa802740faa2829161,delivered,2017-08-14 20:28:45,2017-08-14 21:05:07,2017-08-15 23:54:24,2017-08-18 19:57:57,2017-09-11 00:00:00
006dd93155bc2abd844cc5eed3a0fe7f,1b9506de3da8fd318853195b13fb2dda,delivered,2017-12-02 01:20:28,2017-12-02 01:29:28,2017-12-06 00:22:42,2017-12-07 20:43:52,2018-01-03 00:00:00
006df90050498994d670b40da4651d22,5c94f28f54aa13e14aaf67039511f318,delivered,2018-08-13 13:59:20,2018-08-13 14:15:12,2018-08-14 14:43:00,2018-08-15 22:18:36,2018-08-17 00:00:00
006e05e81c068ddc38e48ebe189b922e,ebcf50ec311622a9b17a720a655a489b,delivered,2017-12-27 21:50:43,2017-12-27 22:07:25,2017-12-28 19:29:28,2018-01-03 11:14:47,2018-01-24 00:00:00
006e43460a55bc60c0a437521e426529,23bfd4316e261786deed5a08231c75bc,delivered,2017-05-11 00:24:35,2017-05-11 01:30:22,2017-05-12 12:26:32,2017-05-19 09:51:17,2017-06-02 00:00:00
006e91ddb0674525f84ce0da0655c7ba,aab60551b0c17b5dd31690b0d1bf3911,delivered,2018-04-10 19:17:15,2018-04-10 19:31:09,2018-04-11 20:04:00,2018-04-16 17:40:54,2018-04-26 00:00:00
006f7dfffe2d90809598e8f1972b829b,6031cd91d182925af3d38ae9590e5afa,delivered,2018-03-22 22:52:46,2018-03-22 23:07:23,2018-03-31 14:18:55,2018-04-05 19:18:35,2018-04-11 00:00:00
0070092bb6004faafa287e5fc35971e9,399d1e628c48b7c3b6389098be566cfd,delivered,2017-07-25 11:42:58,2017-07-25 11:55:24,2017-07-26 10:47:53,2017-07-27 21:34:24,2017-08-14 00:00:00
0071ee2429bc1efdc43aa3e073a5290e,081a2d41949e652a50988fd39febb4a8,delivered,2018-01-22 11:08:15,2018-01-22 14:17:41,2018-01-26 15:12:17,2018-01-31 23:58:36,2018-02-15 00:00:00
0072847849eafe70995fa51a714c81ac,727dc68f327d34b77009f5d3da5250d9,delivered,2018-05-14 13:44:52,2018-05-15 04:52:44,2018-05-17 10:45:00,2018-05-22 22:23:37,2018-05-29 00:00:00
00750f68bb64537034e93554c64b41b5,49b0b78f8fd6fc95605c46e685c4b611,delivered,2017-11-12 09:50:55,2017-11-12 10:10:32,2017-11-13 19:42:09,2017-11-14 22:34:39,2017-11-27 00:00:00
00756576f4e494406945ac21cb82cfe0,f51670c66e7e928844fc66261ed1b91b,delivered,2018-01-30 18:08:21,2018-01-31 13:31:57,2018-02-02 16:28:53,2018-02-09 16:23:23,2018-02-23 00:00:00
00772b2af35643653f108fdac1155ee3,3fa57a1801314f5064ffebcc14d2063b,delivered,2017-04-24 10:53:12,2017-04-24 11:05:19,2017-04-24 11:15:16,2017-05-06 11:48:40,2017-05-12 00:00:00
00789ce015e7e5791c7914f32bb4fad4,342c4258969c528c3469db9acaf6b0ad,delivered,2017-06-28 23:31:33,2017-06-28 23:43:34,2017-06-29 11:47:41,2017-07-17 18:35:36,2017-07-20 00:00:00
0078a358a14592b887eb140ef515f5ab,e1f35a414cbae52d09c294b3e58c3e89,delivered,2017-11-06 15:42:42,2017-11-06 22:36:39,2017-11-08 12:24:40,2017-11-21 19:04:54,2017-11-29 00:00:00
0079bca8e89bd52fdb87408e4f3fb94d,137f50d5bfbcfb9578c50605cc9adb16,delivered,2018-05-03 18:55:20,2018-05-05 03:33:43,2018-05-07 11:10:00,2018-05-08 20:58:26,2018-05-18 00:00:00
007bbb40c95870c0f75a7855f2636c65,72a46280034e63cc3703b1f969f65733,delivered,2018-04-24 10:37:50,2018-04-24 18:33:50,2018-04-25 15:40:00,2018-04-26 18:38:54,2018-05-07 00:00:00
007beb35f98c075747e6fc4fd1c0cb73,e5c49220ea97eddff8b1fbb594913a43,delivered,2017-09-23 08:32:53,2017-09-23 08:50:17,2017-09-26 16:43:03,2017-10-04 15:32:47,2017-10-20 00:00:00
007c7cb12ef3567531307ca78d395758,b4c4af6dbbbbafcfd8d6863fa0fc6e61,delivered,2018-02-20 11:31:56,2018-02-20 11:47:38,2018-02-21 14:49:29,2018-03-12 20:52:30,2018-03-16 00:00:00
007ec946d4f798caf2b43c9d44c56421,3ace63287bc8b41172016c06a5093808,delivered,2017-11-24 13:05:15,2017-11-25 04:15:38,2017-11-28 19:27:06,2017-12-06 22:38:40,2017-12-26 00:00:00
007ff0b0f79be782f633fc3b18cbe337,fc021f2dd664b49455528422c77b6aab,delivered,2018-02-03 17:46:53,2018-02-03 20:10:10,2018-02-06 18:28:37,2018-02-14 20:27:04,2018-03-02 00:00:00
0080eebb288dba1857ccf048dfe6bdfe,6dc7d8b1ac961fe9d43edb6ecadd5f10,delivered,2017-08-11 17:43:46,2017-08-12 17:45:16,2017-08-15 15:52:35,2017-08-18 20:35:02,2017-09-06 00:00:00
0081ab2c99dc85945c28926b77dc6960,410b01953ef40c9962bb6dc6578c7ff1,delivered,2018-02-14 22:19:37,2018-02-16 14:29:52,2018-02-17 00:39:11,2018-02-19 18:49:01,2018-03-01 00:00:00
0081ce648af7d6a7bac2a93b6035d1e3,21fac8ff24f5231ff8f105323fea28a7,delivered,2017-11-08 13:38:11,2017-11-09 05:31:39,2017-11-10 18:28:35,2017-11-22 19:33:00,2017-12-01 00:00:00
0084209c576daad6ff4534902fcb4892,7bfe2d37d3643c4bd9fe6fd5c4228d0e,delivered,2017-07-05 13:14:26,2017-07-05 17:41:17,2017-07-06 15:29:25,2017-07-18 12:34:02,2017-07-27 00:00:00
0084e195fbd72ae51599af47f04afede,bd8d067426b640b65c68dd3ee6c71d46,delivered,2018-03-14 23:57:00,2018-03-15 00:10:59,2018-03-15 19:52:29,2018-05-04 22:22:18,2018-04-10 00:00:00
00858d03144cc35cfd1dd043647e7c88,54f0f481cc9257023435b76aa5e647db,delivered,2018-03-14 22:53:09,2018-03-14 23:09:38,2018-03-15 20:34:31,2018-03-22 23:45:59,2018-04-25 00:00:00
008720830a8a30e39e6f22f81818a141,f1af79ed0c452b79fec6a0217f60a6da,delivered,2017-08-13 16:44:57,2017-08-13 16:55:17,2017-08-14 16:12:41,2017-08-18 10:24:01,2017-08-25 00:00:00
0087889a1c836be17f58afd7f1729a4a,c6f1de87b7344ea1d33400c3c15b1a47,delivered,2017-10-23 11:03:27,2017-10-23 11:35:25,2017-10-23 22:49:46,2017-10-24 20:22:04,2017-11-03 00:00:00
008819c6d5f6da6fa5cd9d50ca927cf4,f453853c7750dfea2b35f2a89382003e,delivered,2018-08-04 21:40:35,2018-08-04 21:50:11,2018-08-06 13:34:00,2018-08-07 20:12:22,2018-08-09 00:00:00
00891ba5de66f55000ee358ceea9b345,03ed7b1b35f2e55b0f4d0b9e4e07b0c3,delivered,2017-05-14 17:19:43,2017-05-14 17:35:15,2017-05-15 09:03:10,2017-05-23 15:05:29,2017-06-07 00:00:00
008990da719764fb392914d8ab53ad04,cc4e2f483459498c9ce82a70ff415752,delivered,2018-05-11 19:20:54,2018-05-11 19:37:41,2018-05-24 13:47:00,2018-06-05 14:18:36,2018-06-19 00:00:00
008a1b3db2a8bf63418c2cf7c7f494b1,cc2db083341ec9bb757b9f9a70b289d9,delivered,2018-04-02 09:33:25,2018-04-02 09:48:39,2018-04-04 17:34:50,2018-05-03 16:11:53,2018-04-23 00:00:00
008a40c2b8b21893e04945ce58854b55,a11dde3e6e22e6541818f5e81563bfc7,delivered,2018-04-29 20:26:41,2018-04-29 20:54:23,2018-05-03 12:01:00,2018-05-08 17:14:38,2018-05-28 00:00:00
008c3a655c66f4d92370d0d422732f69,f9f9943ef9d29a86f10de3b43cd84356,delivered,2018-03-04 23:15:49,2018-03-06 04:08:25,2018-03-07 00:32:29,2018-03-09 20:27:41,2018-03-15 00:00:00
008ce8764db2e397e153000e017475b6,763a720a236f5b8efe8220ef8b87bc81,delivered,2018-05-18 20:42:47,2018-05-18 20:57:50,2018-05-21 17:38:00,2018-05-23 20:53:37,2018-05-28 00:00:00
008cfe221ab054c89bc31720098cca51,9890d391eac598a0bba5c6b6be617388,delivered,2018-08-08 07:52:21,2018-08-08 08:05:09,2018-08-09 16:22:00,2018-08-14 20:05:34,2018-08-20 00:00:00
008d9bf350ff02ed444b3452cf3f57e0,84f30d2805ae1bddbe5deefc84c80cd0,delivered,2018-06-04 08:57:02,2018-06-04 09:11:48,2018-06-04 12:19:00,2018-06-13 19:24:52,2018-07-11 00:00:00
008dc31c0ae7121f2791953ae5f532c3,0855edaada8d5aeef50b56f26e604932,delivered,2018-01-06 11:22:56,2018-01-06 11:33:49,2018-01-08 19:54:05,2018-01-29 21:22:18,2018-02-05 00:00:00
008dd5e80ebf8f849aa0c5bf4e22ce7a,3c138c472fb6f243ea59fa2589b20440,delivered,2018-03-20 20:31:23,2018-03-22 02:56:19,2018-03-22 23:48:27,2018-03-23 18:04:16,2018-04-02 00:00:00
008eaf9004164883520d0bd32b107261,b2a65630374da38ec0653226f3ea4dbb,delivered,2017-07-10 20:42:56,2017-07-12 02:10:13,2017-07-14 13:47:42,2017-07-21 20:34:41,2017-08-08 00:00:00
008f831b7185cff7ab35a46c37d64cd2,e19a18812eb4e4fadf5db16932c2595b,delivered,2018-06-30 11:39:38,2018-06-30 11:50:14,2018-07-03 07:25:00,2018-07-07 12:21:32,2018-07-25 00:00:00
008fab5602c441d51f30b1464f5d4643,337e39b83fac394e62eb7876f45ee981,delivered,2017-02-22 10:37:41,2017-02-22 10:50:13,2017-02-22 14:03:10,2017-03-03 12:43:46,2017-03-23 00:00:00
0091a677651feaf5a08d7bb147681e14,93d82c58a8f2b0d2db80f16867b99edd,delivered,2018-08-24 13:27:17,2018-08-24 13:44:42,2018-08-27 18:33:00,2018-08-28 16:32:05,2018-08-31 00:00:00
00921e4911895b93c7b4fc0d80c0815e,0825646a316d8b2bdddea079a5e01fda,delivered,2018-06-13 13:55:55,2018-06-13 14:17:26,2018-06-19 14:02:00,2018-06-20 15:21:57,2018-06-25 00:00:00
0093cbf16a6afb7f0ab7cc821b6f9e92,dce4e5a6bad0519b5c92cd5c4bc880d5,delivered,2017-11-11 13:05:52,2017-11-11 13:26:57,2017-11-16 20:27:16,2017-11-25 14:46:58,2017-12-08 00:00:00
00946f674d880be1f188abc10ad7cf46,9583b047c90d4aa1c5c68b4065ba7f4e,delivered,2017-12-09 19:11:22,2017-12-09 19:30:37,2017-12-11 18:47:04,2017-12-17 10:19:09,2018-01-05 00:00:00
00949655cdd8d0465e433a5e6c9643e5,141bdfe99910207edd84c00700397580,delivered,2018-06-25 21:14:53,2018-06-27 08:30:40,2018-06-27 11:01:00,2018-06-28 18:22:18,2018-07-05 00:00:00
0094bd07f49fed90209ffa62d1ef26d6,de0c1a4d8c367c58d66e61dfa379f4cf,delivered,2018-05-01 02:04:16,2018-05-03 04:12:53,2018-05-10 19:19:00,2018-05-16 21:12:15,2018-05-14 00:00:00
0094d4660e323945f84f5c29eb348aae,b2381a85f8237639da2719cd5981b007,delivered,2018-01-24 22:05:42,2018-01-24 22:14:25,2018-01-25 18:22:43,2018-02-05 16:04:17,2018-02-23 00:00:00
0094dc9ea7e3cd54d95aea42685673ff,5c98ab90d6e953f282ff28ebc43a090e,delivered,2017-03-07 21:48:19,2017-03-07 21:55:31,2017-03-09 10:02:59,2017-03-14 15:34:31,2017-03-30 00:00:00
0095790a64527ec83aeaaf99023c050e,6081c7acb40f63731b3c982857c79581,delivered,2017-11-15 13:36:30,2017-11-15 13:50:26,2017-11-16 19:44:48,2017-12-07 21:46:56,2017-12-11 00:00:00
0096668e5b0b8e9657a6f7209a4e58b4,b6fbaad4eb3a0794111683dca8122610,delivered,2018-07-11 13:33:21,2018-07-11 13:46:36,2018-07-12 10:23:00,2018-09-17 14:42:46,2018-07-19 00:00:00
009742b43f4530bc3db7f62332c50f4b,84dac31647902f79570207a7f29c2675,delivered,2017-10-24 15:15:58,2017-10-26 03:09:33,2017-11-28 01:46:49,2017-12-06 18:41:34,2017-11-10 00:00:00
00975e709cd12c34d3bd44e4a7f7a876,3c52d94017a3d96915999f30cf42a9ce,delivered,2017-08-21 12:54:37,2017-08-21 13:05:16,2017-08-21 19:07:09,2017-08-23 23:04:17,2017-09-06 00:00:00
0097aafe2a01dd54e39888976160c377,6e6943d8c4822ead782b17d532e6ee63,delivered,2018-08-23 14:41:37,2018-08-25 02:35:10,2018-08-27 14:49:00,2018-08-28 15:58:56,2018-08-29 00:00:00
0097f0545a302aafa32782f1734ff71c,a60b063f8b715db294b889eae5acb4b6,delivered,2018-03-05 18:15:11,2018-03-05 18:30:41,2018-03-06 22:04:03,2018-03-21 18:16:52,2018-03-21 00:00:00
009838529bb913846ab6670d22865381,062cc8c5ff387d407645b93970baee73,delivered,2018-06-14 09:08:47,2018-06-14 09:37:53,2018-06-18 13:56:00,2018-06-26 16:36:44,2018-07-17 00:00:00
0098dbda25722a3f019fe252a0cd10b3,6ecb390e8056057a25a1b49c37206958,delivered,2017-09-19 18:05:34,2017-09-21 02:45:37,2017-09-22 14:18:53,2017-10-02 18:06:44,2017-10-11 00:00:00
009905140e9f8cc35d5be897937381db,c5452f24faa0b6d0febc5ec4ea9e3b13,delivered,2018-03-15 12:33:45,2018-03-15 12:49:18,2018-03-16 17:12:25,2018-03-28 20:44:41,2018-04-11 00:00:00
00995d799817ecc3bd2abd8fbe59c430,266636baec3cfa8d854713f0b465a2cb,delivered,2018-07-26 11:25:18,2018-07-26 11:45:13,2018-08-01 14:05:00,2018-08-02 18:56:52,2018-08-08 00:00:00
00998f38df3012359ef195ca75ebb329,592fe733eef8c8ab12d27a84a98c94a6,delivered,2018-05-11 11:52:34,2018-05-11 12:17:02,2018-05-14 12:42:00,2018-05-18 14:52:38,2018-06-08 00:00:00
009ac365164f8e06f59d18a08045f6c4,7887f43daaa91055f85b6dd23cccdfcb,delivered,2017-11-23 00:03:52,2017-11-23 00:11:24,2017-11-23 15:16:58,2017-11-29 16:33:25,2017-12-13 00:00:00
009c278fa2ed6e7ec498200b60193ca8,f016a9301ce9a894a43e607fc0355014,delivered,2018-01-11 12:58:45,2018-01-11 13:10:34,2018-01-13 02:15:45,2018-01-31 21:12:54,2018-02-09 00:00:00
009e11afa25aa95ae78e60a793995c9b,1b7c152aba1c7478309329cfec0bb5d1,delivered,2017-10-19 23:56:16,2017-10-20 00:15:00,2017-10-20 16:39:05,2017-10-31 23:22:56,2017-12-08 00:00:00
009fa9bd0d92710e840793bfefa80867,ed19fa6ce948d52be769926c2baaa17c,delivered,2017-06-14 09:44:30,2017-06-17 03:50:11,2017-06-19 21:14:50,2017-07-08 17:26:30,2017-07-11 00:00:00
00a0116ff15ff973ea16bee881208ae7,89a187407adfc8a32a4d6233a6a237d8,delivered,2018-02-18 16:22:23,2018-02-18 17:27:05,2018-02-19 18:22:53,2018-03-03 00:38:50,2018-03-15 00:00:00
00a12754417a49a9dec20361849aa917,4cb9c04be8cfbc5c1e0519344c72a5ed,delivered,2018-05-08 21:58:57,2018-05-08 22:15:28,2018-05-09 12:34:00,2018-05-10 18:26:22,2018-05-16 00:00:00
00a13ab02fbe82f78cd84f14e41564ed,9ac1fd75f48d0f50af8400cd461495cb,delivered,2017-12-09 19:22:59,2017-12-09 19:32:49,2017-12-11 21:24:27,2017-12-14 23:33:23,2017-12-28 00:00:00
00a174dbf11967d260033fa6ab711493,ae06f7ef9cae527f248b5401c5663265,delivered,2017-11-27 10:29:23,2017-11-27 10:56:20,2017-11-29 20:03:53,2017-12-19 19:33:32,2017-12-20 00:00:00
00a1e977cf6e672402963940db55d919,e0dc8ea464de23db3b4aa5fa6ae07cc3,delivered,2018-07-25 16:25:31,2018-07-25 16:35:16,2018-07-26 11:53:00,2018-07-27 16:12:04,2018-08-02 00:00:00
00a250dbdb3153cc6ecf4d3f07ef6a17,ccff27cfcda46bdff5e51b6e6711a85c,delivered,2017-12-10 18:07:24,2017-12-10 18:15:33,2017-12-12 21:07:48,2017-12-14 17:47:58,2017-12-29 00:00:00
00a379dfab816a83741012b71b264098,5e3b89299a7d6e3e10f9bc6e77923f88,delivered,2018-08-03 19:50:50,2018-08-03 20:04:20,2018-08-09 13:32:00,2018-08-10 18:18:35,2018-08-08 00:00:00
00a3a334aec7455a6d3319981499a3da,73bcbe6adbf53dee67bec4399c32b98b,delivered,2017-10-25 11:00:28,2017-10-26 21:30:44,2017-10-30 20:55:30,2017-11-04 15:53:38,2017-11-13 00:00:00
00a3f1ef430d3984dece2f39d6cbf431,6220c6ab35c110dc7945b0bba49dc486,delivered,2018-05-18 13:28:08,2018-05-18 13:55:09,2018-05-21 11:44:00,2018-06-06 15:42:48,2018-06-06 00:00:00
00a4d94df1c9757661679b2f4bd6d311,6fe655df4b9e1e4a3fc234cec27c55aa,delivered,2018-04-26 12:41:29,2018-04-27 03:30:47,2018-05-02 10:20:00,2018-05-07 20:28:56,2018-05-22 00:00:00
00a57dfbb049fbaae10763e2cf15f797,33653a722db1d2f6bfe739b3a07f11d6,delivered,2018-07-20 11:09:30,2018-07-21 03:25:11,2018-07-23 13:19:00,2018-07-30 19:25:47,2018-08-13 00:00:00
00a690becda145533fa5a54daa7b6ad5,2826dbfaa1d90ea2b97c93c35fc4cd92,delivered,2018-04-08 21:55:50,2018-04-08 22:09:40,2018-04-09 22:28:54,2018-04-24 12:57:05,2018-05-08 00:00:00
00a77f9cc25b05b2004752593d7b8888,acb6cc6ec99086b8b53c858a0731c189,delivered,2017-06-22 19:53:24,2017-06-22 20:05:22,2017-06-23 12:33:16,2017-07-07 21:45:44,2017-07-14 00:00:00
00a843f5a80c7aea894c558acc29f513,fd967f807427c24072652b1f62d4fe47,delivered,2017-09-01 13:09:44,2017-09-02 18:55:14,2017-09-04 19:04:27,2017-09-11 18:17:25,2017-09-27 00:00:00
00a870c6c06346e85335524935c600c0,8a4ecf2e2fa5faaaf02827b368c0c17b,delivered,2018-05-09 00:10:08,2018-05-10 00:14:29,2018-05-10 12:07:00,2018-05-17 01:04:12,2018-05-24 00:00:00
00a9536682ecb394a3794c1608200803,3d64d81cb7d22325994c3ef4ad93d2e0,delivered,2017-05-12 23:38:09,2017-05-12 23:50:08,2017-05-15 15:30:06,2017-05-22 16:47:58,2017-05-31 00:00:00
00a99c50fdff7e36262caba33821875a,7a399396442d5601cbedfbd0a3cf1da4,shipped,2018-08-17 16:25:04,2018-08-17 16:35:18,2018-08-18 09:07:00,,2018-09-18 00:00:00
00aa423621f35a9ca6c6240f275b0640,121e7c7ff597fcb5ad44189ffccafa70,delivered,2017-11-23 14:51:32,2017-11-23 15:10:19,2017-11-24 22:03:23,2017-12-04 19:24:58,2017-12-13 00:00:00
00ab1aba567dfebdc39caa4e7ca2f1b2,f2a48c51664d5ca2d7401f95994bb8a9,delivered,2017-09-01 14:01:04,2017-09-01 14:15:16,2017-09-05 21:11:01,2017-09-12 14:07:44,2017-10-03 00:00:00
00ab210695a17fe10e6b23616ae5bc97,c87e0e6aa4b3321adb017785ff605af2,delivered,2018-06-12 06:19:27,2018-06-12 06:35:05,2018-06-18 11:01:00,2018-06-19 22:12:23,2018-06-26 00:00:00
00ab3a43bda739029ffce95d3b2fb56c,c9f69364407bc8db796b2c6f1c353f61,delivered,2018-08-10 12:09:15,2018-08-11 02:51:01,2018-08-13 13:09:00,2018-08-14 18:28:25,2018-08-15 00:00:00
00ab9fa91aafa3d881164b0da48999aa,8630914c34f45ca88a7589cddb8e0ae2,delivered,2018-05-25 09:47:21,2018-05-26 09:50:04,2018-05-28 12:27:00,2018-06-07 00:18:30,2018-06-26 00:00:00
00ac05fe0fc047c54418098eb64e3aaa,8935036852a292fe1f61a03c7d51831d,delivered,2018-02-18 14:19:55,2018-02-18 14:30:55,2018-02-21 10:12:12,2018-03-02 15:03:16,2018-03-16 00:00:00
00ac2a1ec784f71feeb7ba1e5959750d,47f6898621126fa91eda967684efadbb,delivered,2018-04-06 11:26:54,2018-04-06 11:49:01,2018-04-10 00:26:36,2018-04-17 17:17:41,2018-05-07 00:00:00
00ace652c8a5072670f30674e5f19844,8ef0a1cf31ce44185f0ee98fd976ef70,delivered,2018-01-19 00:35:45,2018-01-20 09:07:49,2018-01-31 16:44:05,2018-02-19 17:12:48,2018-03-06 00:00:00
00ad1a02d4d9decad15c7e8f8a9470cc,db4ce50bf63f8c1a9518462b0499aabd,delivered,2018-08-04 12:40:43,2018-08-04 12:50:17,2018-08-06 11:08:00,2018-08-17 22:21:27,2018-09-04 00:00:00
00ae7a8b4936674ebb701d4a23719a79,a7e8a3cb55d9c9a536992c6465a46a3f,canceled,2018-05-09 14:14:06,2018-05-09 15:51:32,,,2018-05-17 00:00:00
00af3d9ddff7f256e83d79247dbe1a9f,279084854f91753f3c2feba81d4573a5,delivered,2018-02-21 12:11:48,2018-02-21 12:30:31,2018-02-22 18:52:19,2018-03-07 23:47:31,2018-03-26 00:00:00
00af53fdc2002f5b6a8f16db648e003b,b1517b4078772e718a46e03f9ea9321f,delivered,2017-06-20 15:00:00,2017-06-20 15:15:17,2017-06-23 12:15:50,2017-07-03 14:59:32,2017-07-10 00:00:00
00b12f4674177ef40c4bdb034138c843,5d6daccfa147ddbc4d54826f8645ca5c,delivered,2018-07-15 19:47:30,2018-07-15 20:04:06,2018-07-16 14:23:00,2018-07-20 22:03:24,2018-08-02 00:00:00
00b1861aeb89afa498404c684148a619,b8e531fc27d1abbe69022fc27589b3a1,delivered,2018-08-08 08:18:03,2018-08-08 08:30:14,2018-08-08 15:54:00,2018-08-15 15:12:23,2018-08-24 00:00:00
00b2d2f2b5f7b98e6b1828764660134e,afc13494642f88d253be56a1e353e261,delivered,2018-08-09 08:27:54,2018-08-09 08:50:19,2018-08-10 17:15:00,2018-08-15 20:20:42,2018-08-30 00:00:00
00b30bb163474583c14db1689259cf4d,b626b511cecb256e0d1514d883084a38,delivered,2018-01-31 13:57:27,2018-01-31 14:13:31,2018-02-06 17:47:50,2018-02-17 18:36:59,2018-03-05 00:00:00
00b402e8a76d3da83714c52d3977cc2d,ffca23943c4b620ea24812018373fa3f,delivered,2018-01-01 18:03:43,2018-01-01 18:11:33,2018-01-03 19:52:24,2018-01-19 12:08:06,2018-01-31 00:00:00
00b44ba3d7c4a5e9a9ebafef9150781d,0b5f6687d659478f1747caed607c4ec5,delivered,2018-08-28 21:10:46,2018-08-28 21:25:15,2018-08-29 13:17:00,2018-08-30 13:38:53,2018-09-26 00:00:00
00b47ee856118583dbec7d1f9b18d847,7f6a163f7d28e407e5eaa735bf7014c5,delivered,2018-03-26 19:58:48,2018-03-26 20:10:20,2018-03-27 22:45:50,2018-04-09 18:52:28,2018-04-13 00:00:00
00b4846d477a7baf5d4e47970bc08c7e,fe2b285a4d3936b9a37ff7460a0d403f,delivered,2018-01-22 16:17:31,2018-01-23 03:52:51,2018-01-23 18:51:36,2018-01-30 21:08:52,2018-02-16 00:00:00
00b4a910f64f24dbcac04fe54088a443,d70e5eac00a9d35a3cb193442c0287cd,delivered,2017-01-18 17:55:34,2017-01-18 18:05:17,2017-01-19 14:44:25,2017-01-26 13:21:57,2017-02-28 00:00:00
00b4c651133c06fb175123a492f1cac3,965cef866a59a3cd6d1e92ba0ad2c779,delivered,2018-08-17 12:56:21,2018-08-17 14:27:21,2018-08-17 13:54:00,2018-08-23 13:22:44,2018-08-28 00:00:00
00b5e1c770b1868ec1b6b726be3aa9b9,8d9cf828f7181bf76915fddfdbb4148b,delivered,2018-01-03 19:13:33,2018-01-03 19:27:05,2018-01-04 23:08:01,2018-01-11 13:22:35,2018-01-26 00:00:00
00b676b01c289cc661c6f7732492771a,ca9a6ae226341827c9614ce7568db46c,delivered,2017-08-02 15:30:42,2017-08-02 15:45:15,2017-08-08 15:37:43,2017-08-15 11:22:26,2017-08-24 00:00:00
00b6c055922e0ed2d88efdd252b2fb64,f7bdab6e68a28bf26acc7cbd785790fc,delivered,2018-05-01 16:01:41,2018-05-01 16:15:13,2018-05-02 18:21:00,2018-05-07 20:54:44,2018-05-16 00:00:00
00b6e66f005a657a6b13eedcacdf9342,3f0ce4e8579d852bd56ab8bbe66f1870,delivered,2018-08-11 10:47:05,2018-08-11 11:04:38,2018-08-15 13:54:00,2018-08-21 14:46:31,2018-08-31 00:00:00
00b7174ea52bb811ebe2663add51afc0,2ff1efea5cf92067b167101227abb467,delivered,2018-05-16 09:57:53,2018-05-16 10:12:48,2018-05-17 14:40:00,2018-05-21 16:11:43,2018-06-08 00:00:00
00b8d354b36820e9d6131fd5173c5581,a17846ed33d62b0e48c6f07ce9132318,delivered,2018-02-24 13:05:44,2018-02-27 04:31:16,2018-03-01 15:27:04,2018-03-08 21:26:35,2018-03-21 00:00:00
00b9e0f8f588d0406a3de447eb606970,282ab86c49646e5a18507b088ee0d74c,delivered,2018-01-22 11:18:35,2018-01-23 03:37:44,2018-01-26 17:54:44,2018-02-16 18:23:19,2018-02-14 00:00:00
00ba414462370af2d76195d12e0d5481,0623ac95ea8764ca730185db76ea56a0,delivered,2017-11-30 10:00:43,2017-11-30 10:22:08,2017-12-04 21:13:48,2017-12-16 00:09:13,2018-01-02 00:00:00
00ba57ae98928df6ba6ec9d3d8d4b1b7,8545a9b7b5b52bc607f0fe72c7dd323e,delivered,2018-07-16 22:06:13,2018-07-16 22:20:45,2018-07-19 09:11:00,2018-07-26 18:26:35,2018-08-09 00:00:00
00bbc4179554524748f77763ddd62266,a338432949ddc9b9e6bee3d2695d655e,delivered,2017-08-08 21:04:16,2017-08-10 03:15:35,2017-08-11 13:36:56,2017-08-14 15:13:10,2017-08-23 00:00:00
00bc78808b22918a467b2fa4b8ef5d68,ca0aaedb924d47b85407a1130582b836,delivered,2017-04-23 23:28:23,2017-04-23 23:42:29,2017-04-25 12:00:40,2017-05-02 13:47:08,2017-05-15 00:00:00
00bcee890eba57a9767c7b5ca12d3a1b,3cecfffcfcdbac8b85cf74dfc8a60166,delivered,2017-07-22 20:51:26,2017-07-22 21:05:07,2017-07-25 19:12:51,2017-07-27 18:34:12,2017-08-21 00:00:00
00bd2cb7e9076e1ccc9f766fc01a4cfd,45016dcb53fa07cb0c050dc78b2d6f51,delivered,2018-04-18 10:00:14,2018-04-18 10:15:17,2018-04-23 23:41:49,2018-04-30 21:16:48,2018-05-23 00:00:00
00bd50cdd31bd22e9081e6e2d5b3577b,1e47b918581b562a9d8d9f85fcb9b1e5,delivered,2018-01-14 22:31:54,2018-01-15 09:56:33,2018-01-15 19:43:56,2018-01-22 16:03:40,2018-01-30 00:00:00
00bd8cf08fa3998ea6ad6d16c2165822,03e0ca8ff692a46af071866422dded4c,delivered,2017-12-01 10:47:44,2017-12-01 11:31:16,2017-12-01 22:15:09,2017-12-05 13:20:43,2017-12-26 00:00:00
00bdcdda88e6b02977fc6ce3d412c600,45ba03e2c6bbb5dc48131ba32ec3ae5e,delivered,2018-06-12 09:51:55,2018-06-12 10:21:14,2018-06-12 14:10:00,2018-06-18 18:20:48,2018-07-24 00:00:00
00bdebefeb760588a3425fad9dfed3d9,c14cec6645dffb638b0cbbf9daf4a557,delivered,2018-03-08 15:59:34,2018-03-08 17:00:27,2018-03-09 22:16:22,2018-03-14 21:08:39,2018-03-26 00:00:00
00beb247698c6aae94e3f859d279e2cd,fb6730884fc4466765ef8619cfe90ced,delivered,2018-05-24 22:21:17,2018-05-26 02:18:43,2018-05-28 15:04:00,2018-05-29 19:11:16,2018-06-11 00:00:00
00bf1320ffb5fe47a845feca16c0e0b4,1a4dcc966b712214d7c0d25f13fa2deb,delivered,2017-09-26 12:58:43,2017-09-27 15:49:42,2017-10-17 21:52:13,2017-11-01 14:57:38,2017-10-24 00:00:00
00c00d5b36157595e21108ba1da2828f,2b27fae969b7d2bc173e466a742e50c6,delivered,2017-09-11 19:35:48,2017-09-13 03:25:43,2017-09-28 13:11:45,2017-10-04 18:14:24,2017-09-27 00:00:00
00c2335723b9b74668062e946dc66621,4930dfe106be258618f6907e8ce8795d,delivered,2017-12-31 01:31:16,2018-01-03 04:28:51,2018-01-03 18:05:49,2018-01-09 20:19:21,2018-01-29 00:00:00
00c405bd71187154a7846862f585a9d4,1ab52508d3c58d96241850142347b75f,delivered,2017-10-23 14:59:46,2017-10-23 15:14:13,2017-10-25 13:30:02,2017-10-31 18:47:06,2017-11-17 00:00:00
00c42b1633c1b2fa4e937bf312466561,36d63113a38882f3f464f8eaa96c4b1c,delivered,2018-01-13 13:52:54,2018-01-13 14:09:30,2018-01-15 19:32:48,2018-02-08 21:12:51,2018-02-15 00:00:00
00c47cfa491ef55779ec7557673087fc,7ccd57bc5c4e0f34fcbc9209b2d4bdfa,delivered,2018-07-23 11:36:26,2018-07-23 14:30:58,2018-07-23 16:06:00,2018-07-25 14:41:26,2018-08-06 00:00:00
00c47fefb9a49baec12ab3654d7f548e,411373e81bbd24b0356ca1274e9c03fe,delivered,2017-12-06 00:08:49,2017-12-06 00:18:33,2017-12-06 22:28:59,2018-01-16 21:05:08,2018-01-31 00:00:00
00c4f17dcb94448f27a2cbaa83f10a4b,92422ec9b02504c4d12eecce874990bf,delivered,2018-06-08 19:18:56,2018-06-08 20:33:17,2018-06-12 02:41:00,2018-06-12 14:57:44,2018-06-19 00:00:00
00c62d05602c1ca8164b98746d127fa8,2c64fc3c9f0672a9f2481654a7bf109b,delivered,2018-06-03 11:10:53,2018-06-05 04:52:02,2018-06-05 10:57:00,2018-06-12 20:15:51,2018-07-12 00:00:00
00c763284c0056eed753352f5559ff0a,0bbbcba4fb2d97e129f2f2622d82eabc,delivered,2018-05-31 23:51:24,2018-06-01 00:10:44,2018-06-01 14:42:00,2018-06-13 15:34:39,2018-07-04 00:00:00
00c81b6675ef9ecaaff5fc1d6720b96c,9bc4a258f344f7de44ca841d25a497fd,delivered,2017-10-24 17:54:41,2017-10-24 18:14:26,2017-10-25 19:33:10,2017-10-30 15:24:07,2017-11-14 00:00:00
00c826c901ab01b6f598a8f0c9b56b82,cd46bd8781c25750e96a37a5e32450cc,delivered,2018-04-20 10:24:13,2018-04-20 10:35:25,2018-04-24 15:55:40,2018-05-02 16:28:42,2018-05-18 00:00:00
00c842d0ae6462afc1d38fc055b02c75,3eb456ae69430643eb134b74ccc4f261,delivered,2017-11-08 17:36:48,2017-11-08 18:30:52,2017-11-16 18:42:49,2017-11-21 17:37:51,2017-11-29 00:00:00
00c8be06a8029e300dabd52c7d4c6ad2,5508ab552ed2d4da9d21e777849034d0,delivered,2018-02-11 00:36:56,2018-02-11 01:48:42,2018-02-14 18:23:20,2018-02-27 21:08:12,2018-03-09 00:00:00
00c8bfbb0a1224dcdb0180a544247159,97cba178632e2fed3edec61ce374fb60,delivered,2018-05-06 21:33:24,2018-05-07 21:32:21,2018-05-08 14:24:00,2018-05-11 12:16:58,2018-05-24 00:00:00
00c9474e0334f7a4ffc8c3a8bd21a51e,e84d9c0fb40fccf1b0e326e840f6a8ec,delivered,2018-05-04 19:19:10,2018-05-05 15:50:46,2018-05-09 15:10:00,2018-05-16 22:56:45,2018-05-17 00:00:00
00c95282163553a982f38481f9488481,e17b2b66a87062574242f1b20ab8b2a1,delivered,2017-08-09 18:27:49,2017-08-09 18:44:14,2017-08-10 18:58:57,2017-08-17 20:09:41,2017-09-06 00:00:00
00c9d0257381c7e9ec13b4505f25b2cf,d14c86b99a98e85b5c256c081e3cea03,delivered,2018-04-18 08:57:18,2018-04-18 09:11:59,2018-04-20 22:58:35,2018-04-27 22:26:41,2018-05-18 00:00:00
00c9d9e61ed13f5bf2f0344da1aa4775,ed3cfd8b632008c67e448e6cafd0738c,delivered,2017-02-24 13:13:49,2017-02-24 13:25:10,2017-03-01 10:09:26,2017-03-06 12:45:47,2017-03-17 00:00:00
00c9f7d4b0e87781465e562dc109f6aa,cea80f9af87104810bd7fa9698f69d29,delivered,2017-05-21 19:21:32,2017-05-22 19:25:17,2017-05-24 13:28:02,2017-05-31 14:04:41,2017-06-20 00:00:00
00cb18db3d9c03f8386e7fc70cad2504,e288b145525a2a1b7f73fa9101f3904f,delivered,2017-07-12 00:06:51,2017-07-12 00:31:56,2017-07-12 17:46:12,2017-07-19 17:39:44,2017-08-03 00:00:00
00cb9736c0b43d6c1e2fbb2b88e69f6a,d73144ccd5680a3ed460ed34939c036e,delivered,2018-01-29 10:23:47,2018-01-29 10:39:33,2018-01-29 21:32:49,2018-02-16 19:23:12,2018-03-05 00:00:00
00ce92d57f4f9a112bdb8a2a283e5f97,9c1e141643cc2c164c2fa7c7140f5317,delivered,2018-01-30 16:20:19,2018-01-30 16:52:46,2018-02-02 09:15:38,2018-02-07 12:22:05,2018-02-26 00:00:00
00ceda91cb2ded8570ca73e70571740a,26c6e0c2d9f2ea36acb63a8af98f7a9a,delivered,2018-02-06 10:46:53,2018-02-06 11:50:49,2018-02-06 21:28:29,2018-02-16 14:34:27,2018-03-06 00:00:00
00cee8a4dbb042385cbbd84699e78b2e,450a869eb52446baa38f4beeecbc5843,delivered,2018-07-20 04:13:54,2018-07-20 04:25:10,2018-07-24 14:46:00,2018-07-25 17:21:09,2018-08-01 00:00:00
00cf2b04c59f0ecaf822bf3f334d5c3b,ff63f83bb3b2dc9a2df626cefbddda8b,delivered,2018-03-28 09:20:37,2018-03-28 09:30:27,2018-03-29 23:54:40,2018-04-09 19:08:49,2018-04-16 00:00:00
00cf47526e0f7920b381b2baf4ecf1c7,1563bfe4b8d21ed87a2dd20cb1fae1a7,delivered,2017-02-09 13:21:46,2017-02-09 13:35:21,2017-02-10 13:27:09,2017-02-16 10:34:15,2017-03-17 00:00:00
00cfabbe2a93b70beeec4894f86712a8,bf2cd0dfd7ad8b44be636ba1079d6358,delivered,2017-06-10 07:56:30,2017-06-13 04:50:29,2017-06-14 17:06:10,2017-06-22 15:27:09,2017-07-05 00:00:00
00d03eb3425f41a599ae2f788e23c07f,457e255722e958032b50ff72dd15a4e0,delivered,2017-02-17 17:46:42,2017-02-17 18:03:08,2017-02-24 14:16:35,2017-04-09 00:23:16,2017-03-29 00:00:00
00d0ff2017f9ea13dd7eec7470ca473a,3341e65ccc3a083fcc8775020854154f,delivered,2018-06-18 11:12:41,2018-06-20 02:55:03,2018-06-22 14:13:00,2018-06-27 14:42:23,2018-07-18 00:00:00
00d1289d5125017a90e528b5a7cee91f,ba0ff1667f88b3a0da55d80dff50b0fb,delivered,2018-03-15 11:11:52,2018-03-15 11:29:14,2018-03-16 22:12:16,2018-06-19 18:42:26,2018-04-06 00:00:00
00d15ff0236872686e4899ed1ce680ad,8ebb06c13ec14673af1630a22715f4bd,delivered,2018-08-07 16:33:59,2018-08-09 03:55:11,2018-08-14 15:24:00,2018-08-21 19:04:31,2018-08-30 00:00:00
00d1e381c0995f0bdb95909fe7434d0b,3fb1b736500b371cd8576c7050fe7256,delivered,2018-03-24 16:14:47,2018-03-25 16:10:31,2018-03-28 23:18:35,2018-04-02 15:28:35,2018-04-13 00:00:00
00d2559e61b9a0744a0552c35c5ecccb,d4af02c83608285f0bd9ff891130c980,delivered,2018-06-11 12:24:48,2018-06-11 13:32:18,2018-06-11 12:05:00,2018-06-18 16:51:52,2018-06-28 00:00:00
00d29386638bbfd1331a2cd7ab91b5b5,df6e8e7769e4a072c31ca99bf69fab12,delivered,2017-09-26 17:47:16,2017-09-26 18:06:01,2017-09-29 19:43:57,2017-10-04 23:07:48,2017-10-18 00:00:00
00d4439957b7fd3f8da4a33a965817fb,150262ecde07c5bc549ca2cc732dcbde,delivered,2017-04-19 07:47:04,2017-04-19 08:02:02,2017-04-20 09:17:16,2017-05-03 10:43:35,2017-05-11 00:00:00
00d50baf1bc56a3c59de1810a6b84b0d,430dae64e910e717c1135ff28b67aad2,delivered,2017-05-23 21:55:24,2017-05-23 22:10:12,2017-06-01 11:55:31,2017-06-28 11:19:37,2017-06-23 00:00:00
00d5fac7792747fba4b528f23930bebd,83b22908078c379ad87b33bd9034ebc2,delivered,2018-03-06 11:33:17,2018-03-06 11:55:39,2018-03-08 01:13:43,2018-03-14 20:10:54,2018-03-27 00:00:00
00d831d5c3ea03b7cd6f883ad799c7e4,7cc995918b7c4560b0f7ec54ef108d83,delivered,2018-03-12 11:56:58,2018-03-12 12:48:27,2018-03-16 00:08:32,2018-03-17 00:52:32,2018-03-26 00:00:00
00d85bfe0e28c91b69d0fe1f29255a31,3441b9aa98014569ee95cbff82a03abb,delivered,2018-05-09 10:52:37,2018-05-11 03:37:28,2018-05-11 14:00:00,2018-05-16 12:08:33,2018-05-30 00:00:00
00d88c00221ce96a1cfcaca9f2fceb3b,2726ee187e4908c9683ac2a8a0424af1,delivered,2018-03-06 23:02:01,2018-03-06 23:15:29,2018-03-08 20:50:34,2018-03-28 15:49:01,2018-03-28 00:00:00
00d8d65b666158b633f96054d31af43b,5e98d1f8f0534c460557d71961a7f10a,delivered,2017-10-13 19:57:48,2017-10-17 04:24:35,2017-10-18 10:53:25,2017-11-07 20:38:45,2017-11-07 00:00:00
00d94e8901b75ee0d6ef1f87f947b666,9d797a1a7d8ddb192708608d25197161,delivered,2017-05-01 14:11:11,2017-05-01 14:25:13,2017-05-03 14:11:32,2017-05-23 05:55:05,2017-06-05 00:00:00
00d9ac423c9ad6781c0ed04e87666691,64a495213f59f3050ccd2ed250d88dde,delivered,2017-10-03 11:54:16,2017-10-03 12:07:19,2017-10-03 20:28:19,2017-10-24 23:03:41,2017-11-03 00:00:00
00dc6ad47477b3b62d3c0acbe98a82a4,5dd8298fb952a22f28534bfbda71aa2f,delivered,2018-02-24 19:41:24,2018-02-24 20:20:25,2018-03-02 17:57:11,2018-03-15 21:42:09,2018-03-27 00:00:00
00df27e666004db9f14bce766fa5327c,2f9fe192fe03e0b19bbe3ff35f3100c5,delivered,2017-11-18 11:44:56,2017-11-18 11:55:31,2017-11-20 22:16:49,2017-11-23 21:09:13,2017-12-07 00:00:00
00dfb074b5c910fbd08e04691c4b712f,a5ced4926d7d8fa71e9be2b007720356,delivered,2017-06-08 19:43:35,2017-06-08 19:55:19,2017-06-09 15:12:41,2017-06-15 09:03:59,2017-07-10 00:00:00
00e054d0da011d5016f31011af488f4f,fe43b2f349c9ab46883ce0e02491432c,delivered,2018-03-11 19:46:58,2018-03-11 20:08:42,2018-04-27 17:50:00,2018-05-08 15:44:31,2018-03-28 00:00:00
00e0bac9f6306d8269770acf4ee4b027,2fddb001e84993ba7e785f11415bc5cb,delivered,2018-03-04 23:02:58,2018-03-06 03:49:43,2018-03-07 23:04:25,2018-03-27 01:58:53,2018-03-29 00:00:00
00e1426d4c79f2e022570012c1ff57ed,a9c38ba869a0a0db70cde7e473a848bf,delivered,2018-03-22 18:48:36,2018-03-22 19:08:14,2018-03-23 22:10:44,2018-04-05 14:06:32,2018-04-17 00:00:00
00e1bdb3f1388c8ed222597ee4fa01e7,ddd97c5c66119bd2fe33f8709f77ab7b,delivered,2017-05-15 22:41:31,2017-05-17 04:10:29,2017-05-17 11:49:48,2017-05-24 05:57:57,2017-06-07 00:00:00
00e32e413e017e64ff93a9e800b8e1be,9403d354eae44e50158601ecc4be7060,delivered,2018-04-30 09:14:50,2018-04-30 09:36:03,2018-05-02 11:43:00,2018-05-07 13:33:56,2018-05-23 00:00:00
00e365f4fc03d1098841af23d05c17a6,491609eeefc72ee67ee5b42e63ba9859,delivered,2018-08-20 09:40:45,2018-08-20 14:51:17,2018-08-23 17:10:00,2018-08-29 18:56:33,2018-09-10 00:00:00
00e4050fe32e786290a29c61141e979f,9732d83dd0a2e6aa4a1ff900eca36c81,delivered,2017-08-12 12:24:41,2017-08-12 12:35:22,2017-08-16 19:03:49,2017-08-24 20:29:57,2017-09-18 00:00:00
00e5b655df1cc911466758210325c67c,7f2a66ad36459534aeadd9b1985bef2b,delivered,2017-07-07 14:20:36,2017-07-07 14:43:32,2017-07-12 11:37:44,2017-07-18 18:45:46,2017-07-31 00:00:00
00e63486fad9d24645c9c84ed77c15fa,d26415dbe622ef8eaf44c3c6e92ce1a7,delivered,2018-08-14 10:19:40,2018-08-14 10:30:39,2018-08-15 14:00:00,2018-08-20 21:58:50,2018-09-10 00:00:00
00e6786fee8f476835c151a4d3fa9bf1,7920ebe0de6925c9b6a7900675231e7e,delivered,2018-03-10 01:01:15,2018-03-10 01:40:21,2018-03-13 18:31:53,2018-03-21 22:21:51,2018-04-05 00:00:00
00e6bc6b166eb28b4502c1cad4457248,267bfea62bbfc1342ffc898248403bb6,delivered,2018-07-01 23:18:47,2018-07-01 23:30:07,2018-07-02 14:05:00,2018-07-05 18:27:51,2018-07-30 00:00:00
00e7aeced1d61792368ec7bf8b967a90,a59a22655d75791a336909c4bd133fbe,delivered,2017-04-13 02:11:17,2017-04-14 02:50:12,2017-04-19 16:34:52,2017-05-04 18:12:45,2017-05-17 00:00:00
00e7ee1b050b8499577073aeb2a297a1,06b8999e2fba1a1fbc88172c00ba8bc7,delivered,2017-05-16 15:05:35,2017-05-16 15:22:12,2017-05-23 10:47:57,2017-05-25 10:35:35,2017-06-05 00:00:00
00ea33f994bec0bbfda582074083ae12,392569e210fa974c457c69cfdb400d1e,delivered,2018-06-23 04:04:48,2018-06-23 04:18:43,2018-06-26 14:50:00,2018-06-30 16:51:48,2018-07-16 00:00:00
00ea690fe8c5eba029a3884243a02352,9d7381a45eebf403b3b830a9742b928b,delivered,2017-11-25 01:49:52,2017-11-26 20:13:19,2017-12-09 00:13:02,2017-12-18 15:33:12,2017-12-26 00:00:00
00eb7b95af5ed25aaec66d4ff5295846,e7c5f957b0de4d073c09a91b8bfaa215,delivered,2018-01-04 14:19:02,2018-01-04 14:30:26,2018-01-04 23:04:10,2018-01-15 11:51:48,2018-02-08 00:00:00
00ec95a58b63378d4cc06d196cdefdf6,db524d69694d9b945d58f4dad03d914e,delivered,2017-12-24 14:17:08,2017-12-24 14:28:25,2017-12-26 21:47:45,2018-01-03 16:50:27,2018-01-19 00:00:00
00ed64bc080d87b4ab7f0c433bc5e98f,3e49d94c6d8ad4a1f5589db832772317,delivered,2017-05-30 18:18:36,2017-05-31 18:22:47,2017-06-01 13:57:49,2017-06-07 13:50:52,2017-06-22 00:00:00
00eead1d5a799277ef3d6b387b0bebef,c713fee6f70301b6bf60701902502703,delivered,2018-08-27 18:45:54,2018-08-27 19:04:07,2018-08-28 14:17:00,2018-08-30 21:31:37,2018-09-06 00:00:00
00eef7fe9e315a85d1a61a50cccb2494,db19e8cffbc71ab7e1c29a1d6e4935e0,delivered,2018-02-11 13:18:12,2018-02-11 13:28:18,2018-02-16 20:07:14,2018-02-24 18:45:00,2018-03-07 00:00:00
00ef7ed06a55243f3e6a9d373a89eb14,30c93f8296b9a02c0eec5de60b94f98c,delivered,2018-01-12 16:43:52,2018-01-13 17:31:10,2018-01-15 19:23:20,2018-02-15 19:33:02,2018-03-05 00:00:00
00efb72d8e18533f736e86770705d094,bcda63215770504537bdb7ae298568f6,delivered,2018-06-04 17:40:52,2018-06-04 17:53:08,2018-06-05 10:15:00,2018-06-13 18:41:10,2018-07-12 00:00:00
00f1a34f176151c4dcbd802c244e1072,be0d8abce3af32826fcffbd35cb3b73b,delivered,2018-08-16 15:21:03,2018-08-16 15:35:26,2018-08-17 14:00:00,2018-08-22 13:27:39,2018-08-29 00:00:00
00f1bb0af030935db1745ee28367ea26,0d8111a81ce6ed7cb969e28a01392f63,delivered,2018-08-06 23:19:06,2018-08-06 23:35:17,2018-08-10 12:34:00,2018-08-18 14:25:48,2018-08-27 00:00:00
00f1c7c1542f5f86c3091749d9e939d8,ac99113c54549df0dffec419b6cb19a4,delivered,2017-12-15 23:25:04,2017-12-19 09:51:42,2017-12-20 20:28:48,2017-12-26 18:14:27,2018-01-15 00:00:00
00f1cc7439ccb8671133776d1829faf5,5bbefc8139328a291147ac389f226052,delivered,2017-11-22 22:07:04,2017-11-24 03:12:39,2017-11-29 18:33:48,2017-12-01 20:16:37,2017-12-04 00:00:00
00f251b943aba645652c7138e4716fee,3d54e262ab34438486bd0eb8bf022c2f,delivered,2018-08-13 11:18:25,2018-08-13 11:44:26,2018-08-13 14:37:00,2018-08-20 18:36:41,2018-09-03 00:00:00
00f2a3509bd600bd1a06a48353788d93,37dafcdee86df7843f93d4b4d5325dde,delivered,2018-02-25 12:08:45,2018-02-25 12:29:23,2018-02-28 15:34:52,2018-03-01 16:58:54,2018-03-26 00:00:00
00f2c876aa08fbba04199823952e96c1,eb4fea182012be623175b35ee37dfe50,delivered,2017-04-06 10:21:23,2017-04-07 03:15:32,2017-04-10 12:04:47,2017-04-18 14:10:11,2017-05-09 00:00:00
00f324f6ec332cd73ef8be4888573662,e067722fcbc90ea29be6932c863fea87,delivered,2017-06-29 21:47:27,2017-06-29 22:03:39,2017-07-07 18:04:34,2017-07-17 19:57:42,2017-07-25 00:00:00
00f33ee62c15223679d3550e751c37cd,2c499841f2c353053fd296844c4908f5,delivered,2017-11-25 16:17:29,2017-11-25 16:32:38,2017-11-30 15:25:13,2017-12-18 18:09:50,2017-12-18 00:00:00
00f426c7214575822c3cb44ea59ef0f6,f5958334207adf09817b5451cba61651,delivered,2018-07-13 07:40:22,2018-07-13 08:45:09,2018-07-16 14:08:00,2018-07-25 19:32:10,2018-08-13 00:00:00
00f57f2ccce2a2e3f393fe8f5e616e0d,c5e16ca2f4093350809b5f66c5cdfd32,delivered,2018-07-08 22:01:30,2018-07-08 22:15:10,2018-07-11 14:28:00,2018-07-16 15:38:32,2018-07-30 00:00:00
00f5fbdc777e8198c1ee008122e28ae3,2010587cb06df66a241fa29a40cdf9ab,delivered,2017-07-29 17:43:24,2017-07-29 17:55:23,2017-07-31 21:23:37,2017-08-10 09:44:00,2017-08-24 00:00:00
00f621226c6f4e938348f6f3a71fdc62,ea15bb903b8f82b3f8ebdb8a9f305154,delivered,2018-05-09 14:32:45,2018-05-10 03:49:54,2018-05-10 17:00:00,2018-05-17 18:59:51,2018-06-04 00:00:00
00f6ac4816d12f49026b09f2aa77d15f,9bb70fa63970b9d88191a90481d551da,delivered,2018-08-06 17:17:40,2018-08-06 17:30:14,2018-08-07 14:39:00,2018-08-13 16:18:48,2018-08-27 00:00:00
00f6dbc6195397197ee147ee45607a2c,69a24d8e0de91f88acc612cb7d70dc1b,delivered,2017-05-01 17:23:57,2017-05-03 11:15:30,2017-05-04 13:46:28,2017-05-17 10:53:02,2017-05-25 00:00:00
00f7c5b41250e0126ced62d612ff4711,3c5aa62fbe268c0beee7bf98386b421a,delivered,2018-01-11 10:30:03,2018-01-12 02:35:28,2018-01-16 00:24:47,2018-01-23 20:34:47,2018-02-14 00:00:00
00f86b368251d739f1896d41469b2b7a,14c152bfbd60c86aa6bc4d4e68a9378e,delivered,2018-08-17 23:15:06,2018-08-17 23:30:08,2018-08-20 12:33:00,2018-08-28 18:12:12,2018-08-31 00:00:00
00f8fc0cb9d9b7813f1f54fbd75426f1,5fabfab95333c3c3641f4cd20f86a56e,delivered,2018-01-22 10:45:15,2018-01-22 14:16:52,2018-01-23 22:19:43,2018-02-02 01:02:38,2018-02-14 00:00:00
00f98eaeddb9debc8df8cb27e08216d4,f6d650f5127f08c4ed7c4f596c0f9cb5,delivered,2017-10-18 17:40:28,2017-10-20 02:56:27,2017-10-20 20:32:02,2017-10-23 16:32:44,2017-10-30 00:00:00
00f9b0236a85fb8a06fbd9b9c53fddd8,dd6ff79fddc7e5fadda7b83b2bf4383b,delivered,2018-04-22 15:59:19,2018-04-24 19:25:47,2018-04-27 13:33:00,2018-05-04 00:47:31,2018-05-14 00:00:00
00f9b6769c6648ac08bf43081d1f2b07,66f800bfc254bf9cec8041dd1896fcb7,delivered,2018-05-12 09:34:32,2018-05-12 09:54:26,2018-05-15 14:53:00,2018-05-25 16:54:36,2018-06-19 00:00:00
00faa6afcde74aaa630e1d2fda2bb0f7,44344e9f944a5692177be10177f62fba,delivered,2018-08-01 13:24:27,2018-08-03 02:45:18,2018-08-03 11:14:00,2018-08-10 14:52:54,2018-08-24 00:00:00
00fb055886536063afa0dbee07a0944f,ab9e9b26c172c928efe04a741772958f,delivered,2017-05-24 09:04:32,2017-05-26 02:25:13,2017-05-26 10:28:12,2017-06-01 17:29:32,2017-06-21 00:00:00
00fb278a99144cc1004b3ed1452ff5e1,7a186a2e9b7fb35a7d158a5a43447b3d,delivered,2017-03-05 09:31:07,2017-03-06 09:35:22,2017-03-06 11:41:52,2017-03-10 11:38:00,2017-03-23 00:00:00
00fbcd8b120e5706c58b9d1a0026a7da,ff60d321ad354e757bb24fa7ae799676,delivered,2017-11-14 12:48:34,2017-11-17 04:06:37,2017-11-22 17:57:00,2017-12-06 00:51:28,2017-12-07 00:00:00
00fc308dd7f0937682698becaa9dcc45,f40f31f8bfcc5f74d9d246354b90af09,delivered,2018-08-20 19:51:32,2018-08-20 20:10:12,2018-08-22 14:26:00,2018-08-28 01:52:03,2018-09-06 00:00:00
00fcf938cde49ae138942b632ed62393,396573e1df49285167b26331d72e7f96,delivered,2018-01-11 01:04:44,2018-01-12 02:38:41,2018-01-15 17:35:35,2018-01-30 10:58:25,2018-02-09 00:00:00
00fdb72e467da6f3b000b19b368a6cf6,299735fa1daa3e83ee1048309d22f9da,delivered,2017-10-24 21:31:18,2017-10-24 21:49:17,2017-10-27 20:47:46,2017-10-31 22:18:43,2017-11-24 00:00:00
00fe20fc069833ab95021b46d6862646,ddb83a5b3161520fcd64863c1a266ec4,delivered,2018-04-25 21:35:14,2018-04-25 21:51:22,2018-04-26 14:43:00,2018-04-27 18:04:46,2018-05-28 00:00:00
00fed9e582d5a3e38566872eec164ac6,8eafffbc006c6986450ed2a5e6f519c5,delivered,2017-09-26 14:49:01,2017-09-26 17:07:16,2017-10-04 08:33:14,2017-10-09 15:15:38,2017-10-24 00:00:00
00ff0cf5583758e6964723e42f111bf4,e3626ed5d1f2e3a02d692ec948b25eeb,canceled,2017-04-10 00:45:56,2017-04-10 01:03:29,,,2017-05-04 00:00:00
010061e3aa0c6ed5e393dda0652bbee8,1e427598ddcfbca80566d2bcd92dd995,delivered,2017-11-13 09:49:19,2017-11-14 03:35:34,2017-11-21 19:18:40,2017-11-24 00:58:40,2017-11-27 00:00:00
01006620eb4732deec44be4b0d9e33cd,e7acff27456fbf335dfae22a6bceba90,delivered,2017-10-14 21:34:35,2017-10-14 22:03:58,2017-10-17 19:10:31,2017-10-24 14:03:20,2017-11-07 00:00:00
010078e0913f48d014483bd856c01ca1,cba40225005628d0bb62cc9d15c9333f,delivered,2017-11-26 14:52:03,2017-11-26 15:14:15,2017-11-30 18:39:27,2017-12-05 22:13:43,2017-12-21 00:00:00
01015fb6493ea5b9ba105c80b5452da1,32f56b65a879ae7a310257eb5bf070aa,delivered,2018-01-09 21:01:41,2018-01-10 10:32:56,2018-01-12 20:43:43,2018-02-06 18:37:59,2018-01-30 00:00:00
0101aea69a09e1aa32caa6dbaba98503,55e153b503a15cf10845bacbb3b4d616,delivered,2018-05-26 13:07:51,2018-05-27 13:10:20,2018-05-28 14:08:00,2018-06-16 19:34:39,2018-07-19 00:00:00
01029b44abe6e15c8df48b1b759ab437,3e0d489d05ca15801e274f39adb8d213,delivered,2018-06-27 22:24:29,2018-06-28 00:35:11,2018-07-03 16:27:00,2018-07-05 19:03:19,2018-07-16 00:00:00
0103878b7ed86b6ec873cfae01379472,e8a101d3de305ff620d4febe10137fd0,delivered,2018-08-16 00:03:16,2018-08-16 00:15:41,2018-08-17 13:25:00,2018-08-22 22:38:43,2018-08-31 00:00:00
01074135a88ffa5978eaadfc7f482f2b,acc1272df0c1c3d973ccb5be09d0ab41,delivered,2018-03-30 10:53:54,2018-03-30 11:47:15,2018-04-02 23:06:55,2018-04-17 17:29:32,2018-04-24 00:00:00
0108c64ec135e4a7a75e9b5102af9bfa,6ce3934a71cf3aa6ff51b5298ed06d9e,delivered,2018-01-29 08:26:22,2018-01-30 05:31:38,2018-02-01 12:56:50,2018-02-22 18:17:08,2018-02-26 00:00:00
0108fba93678555ad1cec9c267848187,8bbf21f65f542300bbf3ef6012820922,delivered,2017-06-04 21:48:02,2017-06-05 21:55:11,2017-06-06 09:51:45,2017-06-07 07:17:37,2017-06-19 00:00:00
01094e169d4b14edaf6954eeddb83633,2b7ad3fc92af63027a7748b084f9b439,delivered,2017-09-27 13:54:33,2017-09-27 14:07:10,2017-10-04 13:08:11,2017-10-17 20:43:52,2017-10-26 00:00:00
010a35dc7fc3808a03d243d2fd8c6e35,be2c2532426301bff89f1493242c4afa,delivered,2017-12-16 18:02:38,2017-12-16 19:10:15,2017-12-19 03:07:24,2017-12-22 16:59:22,2018-01-05 00:00:00
010ab3b1993057e91f825c672375a66d,0e17f21d1c39581137b6cbc8d14bea37,delivered,2017-02-20 08:19:21,2017-02-20 08:30:15,2017-02-20 14:11:28,2017-03-02 14:06:14,2017-03-23 00:00:00
010b0f6bd323a9effd095a743e660f26,892522b67acfcb855f3feba4cff78050,delivered,2017-07-18 12:56:38,2017-07-19 07:32:04,2017-07-20 19:26:36,2017-07-26 13:57:49,2017-07-31 00:00:00
010b143d83a59b355cd5a75c0f0fd785,c181ea8a3ec364246642e36dae84bf30,delivered,2017-08-30 23:28:35,2017-08-30 23:44:47,2017-08-31 21:12:48,2017-09-18 15:04:10,2017-10-06 00:00:00
010c995323bc17d8156fbe2c37fed63e,eada5b345b1d846ca260ad12e8ec98cd,delivered,2017-03-25 19:18:00,2017-03-25 19:25:22,2017-03-28 13:05:48,2017-03-31 10:46:01,2017-04-13 00:00:00
010d14f76a229c295260e4ca4744acc7,02e460a9db12a0de7f952f8facb66312,delivered,2017-12-01 19:46:28,2017-12-01 19:57:26,2017-12-04 18:07:08,2017-12-18 16:43:33,2017-12-29 00:00:00
010d15deea8cae96ae86ea8097917a17,bfab01097454f7cf7d2ba80d7af6125f,delivered,2018-04-05 15:04:05,2018-04-05 15:15:25,2018-04-10 19:12:18,2018-04-17 18:41:01,2018-05-07 00:00:00
010d6db2f77220b394f147836c94f27b,544cfbf822c23de5e82f86d638b82b58,delivered,2018-07-11 16:56:46,2018-07-11 17:10:10,2018-07-12 15:08:00,2018-07-21 15:26:45,2018-07-26 00:00:00
010e04b5f879320f29a9bd6ca41abc94,e5475160d45b86c1272caa11513641ba,delivered,2018-02-17 12:50:20,2018-02-17 13:06:43,2018-02-21 21:29:11,2018-02-23 15:46:53,2018-03-05 00:00:00
010e7dda85fff564e8b7076ae3928efb,76c6370ab8b030109448c39db2b9e08c,delivered,2017-11-27 14:26:40,2017-11-29 14:33:42,2017-12-04 23:18:52,2017-12-12 21:49:55,2017-12-18 00:00:00
010ef5b0279d7512e7343cb775e423c0,4b9e8cd034b45245928f0d55a4ed4310,delivered,2018-04-17 11:28:08,2018-04-17 12:15:25,2018-04-18 15:32:28,2018-04-23 22:41:07,2018-05-07 00:00:00
010efe60bdadc9261d1902f3c1dda5f3,ac950cebc3bfe72c92a3768b6e8d3856,delivered,2018-06-07 16:46:09,2018-06-07 17:00:52,2018-06-08 17:32:00,2018-06-15 20:38:39,2018-07-17 00:00:00
010f223ddbec749e95ef3f5414f9c4ee,0ffe52b2e3ef0d91f5387dbcca59a841,delivered,2018-06-08 18:57:42,2018-06-08 20:44:02,2018-06-11 12:26:00,2018-06-18 18:42:35,2018-07-05 00:00:00
010fadb12341d8253d920362fc8f7a16,135bbed7ce32647898c18ba5907cb80a,delivered,2018-02-09 17:28:05,2018-02-09 17:35:37,2018-02-21 21:13:10,2018-03-05 23:49:02,2018-03-06 00:00:00
010ff1cfe12f3094577e72b7bcecdf98,7496d369c45e3249794df2d9b132a3e3,delivered,2017-10-11 23:05:00,2017-10-12 23:14:21,2017-10-16 22:52:14,2017-10-19 18:20:09,2017-11-09 00:00:00
0110688c40ff035d672af3aac1f38f10,f66684cd226d7d5cbbc43491ac08390a,delivered,2018-02-01 14:20:22,2018-02-01 14:35:32,2018-02-02 20:03:15,2018-02-27 23:34:13,2018-03-01 00:00:00
011080783e02d05b26c8c158b3653a42,7e1d6ae9c77f1010a374656024661408,delivered,2018-06-14 15:22:53,2018-06-14 15:38:55,2018-06-18 16:18:00,2018-06-22 23:36:29,2018-07-13 00:00:00
011105c3b5b8693eda1bfb1f152cec2a,63cff72cfb37670b3c826dedcaf32a6d,delivered,2017-07-31 13:45:07,2017-07-31 13:55:22,2017-07-31 21:03:27,2017-08-08 12:45:52,2017-09-01 00:00:00
011108c8a3d6eee6807f48a2e639439f,856423159bb2e932fecbc5917bce21be,delivered,2017-04-25 17:25:23,2017-04-25 17:42:48,2017-05-04 13:59:36,2017-05-19 09:26:41,2017-05-16 00:00:00
01115c06246220def210911556bdc0e5,7db5bde0f0fcee8817a4c317cf05429a,delivered,2018-03-14 09:20:38,2018-03-14 09:35:34,2018-03-14 19:22:05,2018-04-03 00:07:46,2018-04-04 00:00:00
011331376a4c6cc7a9e5bc165ec169d0,e62a03d00892173f46bb99a1da0f86f3,delivered,2017-06-23 13:03:34,2017-06-23 13:10:20,2017-06-27 06:32:18,2017-07-05 14:07:37,2017-07-17 00:00:00
011375f941b3695c3c3ee58bfe0d3655,03d804d4d3e76cbac2fdec148e8d2742,delivered,2017-09-23 17:59:17,2017-09-23 18:26:33,2017-09-29 23:36:55,2017-10-06 19:05:13,2017-10-18 00:00:00
0113affd907a209209ab08413bb54226,e4d417e5628f278edd59031ac99c168a,delivered,2018-07-09 20:46:49,2018-07-09 20:55:27,2018-07-16 13:48:00,2018-07-31 18:26:36,2018-08-06 00:00:00
0113c9989fe6e5007795daec0633b405,b655e5fd84f933787506b58d4060458c,delivered,2018-06-25 13:18:44,2018-06-25 13:34:00,2018-06-27 09:06:00,2018-06-29 22:14:28,2018-07-17 00:00:00
011405ae7b89def8ffb3468eb29c299d,a9262f07bdf485ee87c6780a830ff83a,delivered,2018-05-04 13:39:26,2018-05-05 13:50:23,2018-05-07 15:44:00,2018-05-09 13:14:40,2018-05-21 00:00:00
01144cadcf64b6427f0a6580a3033220,74219e78dcaeeb30e8d09ed57801f0fe,delivered,2018-02-03 00:01:19,2018-02-03 00:15:47,2018-02-05 19:36:00,2018-02-14 15:10:03,2018-03-12 00:00:00
0114835d7f0b3f674b70a989411e31c1,c865d1d500bae6adb604c4a55a31525a,delivered,2017-08-31 16:17:50,2017-09-01 02:30:17,2017-09-01 15:34:40,2017-09-04 19:57:35,2017-09-13 00:00:00
01156b662f3f47b249b5a8881d205f08,ac7787b04da7c05fe6037343bd8bf577,delivered,2017-09-13 20:36:57,2017-09-13 20:50:11,2017-09-18 21:07:30,2017-09-27 19:20:08,2017-10-03 00:00:00
0115abf6b892040abfdd5bdfcb6b2c51,55e24d33ade77f949c22b6e008801c15,delivered,2017-04-20 12:32:37,2017-04-21 05:10:46,2017-04-26 19:15:29,2017-05-15 11:51:50,2017-05-10 00:00:00
0115d160c5fbd758a139ff90821db60d,9e593469b6f1beac77c2da4d73bf1228,delivered,2017-08-29 19:14:43,2017-08-31 04:31:53,2017-09-01 22:15:54,2017-09-18 22:05:57,2017-09-15 00:00:00
0115f8bb1dc16d3fac863ce1deb037b6,17ec3674dce86b3240e0a333cc51112e,delivered,2017-06-30 19:13:15,2017-06-30 19:25:18,2017-07-03 11:59:40,2017-07-07 17:12:36,2017-07-21 00:00:00
011667ae100a333a3051c9a23e3f0283,84e32c18718319d7e8f2d11f897d1afa,delivered,2017-11-29 10:42:47,2017-12-01 12:31:39,2017-12-04 20:46:18,2017-12-07 23:22:39,2017-12-20 00:00:00
011724d1afbd91844302627f79a66800,9899640961f5678c7fb0c46815ee6408,delivered,2018-08-09 18:32:00,2018-08-09 18:44:58,2018-08-10 13:55:00,2018-08-15 12:46:48,2018-08-22 00:00:00
0119e98feb97441cb456c010c25b04ff,cfa9e5ae05a54e058846a30a2c288118,delivered,2018-01-22 11:52:53,2018-01-22 14:54:20,2018-01-24 22:33:51,2018-01-31 16:34:50,2018-02-21 00:00:00
011a43bc9bb525517251ebb3ebc99b69,bc6123686b421b9084028c34499824c4,delivered,2018-04-25 18:15:05,2018-04-26 18:09:38,2018-04-27 15:10:00,2018-04-30 15:48:24,2018-05-09 00:00:00
011a56023faf5bbb9af634e20a85f7bc,cd321431eb241e989d200c78d0a4bfc4,delivered,2017-05-10 06:54:05,2017-05-10 07:05:09,2017-05-10 12:09:28,2017-05-18 12:48:08,2017-06-01 00:00:00
011abf147a69ba486bae3a74b6cd1814,bdbdcd5b18193390b025df518afe94ba,delivered,2017-05-12 11:19:47,2017-05-12 11:30:24,2017-05-12 20:26:45,2017-05-22 11:22:47,2017-06-05 00:00:00
011af0959ebf2b09a062867811dc63b5,5fbf764940fb75727525f6af71eef49d,delivered,2017-08-06 17:35:16,2017-08-06 17:50:21,2017-08-07 20:22:19,2017-08-09 21:03:07,2017-08-29 00:00:00
011b142c9e082a5c1d10e0a88cd9c8e8,0c7a95280b3f80eadd81c829e093dbec,delivered,2018-03-23 11:43:13,2018-03-23 11:55:34,2018-03-27 03:14:53,2018-04-14 19:18:26,2018-04-16 00:00:00
011b8dd4f8c36fd4fcf50643ce91d58a,1477ef68b5dbf1417fead5a9814cf047,delivered,2017-07-07 22:00:51,2017-07-08 22:05:30,2017-08-01 13:17:35,2017-08-04 20:57:27,2017-08-14 00:00:00
011bf86f1b7dacebda2c874333cf656b,e1238987433fd511c3a493ea3d3913b0,delivered,2018-03-09 19:44:33,2018-03-10 19:48:24,2018-03-14 01:38:34,2018-03-21 21:38:35,2018-04-05 00:00:00
011c899816ea29773525bd3322dbb6aa,c15a53f6fbae984bcbf4ac7bc4395cc3,delivered,2018-04-30 15:02:34,2018-05-01 05:32:34,2018-05-03 16:51:00,2018-05-15 22:33:37,2018-05-24 00:00:00
011e6e76dd0cd56d26b5b0cb036e80a8,3a6fc4af206cad7a5eaca926cdffd0d7,delivered,2018-04-08 17:34:16,2018-04-08 17:50:12,2018-04-09 19:02:45,2018-04-11 20:53:28,2018-04-19 00:00:00
011f9dff2545a2cf8ac1809faed3ec88,fd10113c54f4f4bfcaacbd1c2d188a77,delivered,2017-08-01 19:00:07,2017-08-01 19:10:21,2017-08-03 12:41:48,2017-08-09 21:04:42,2017-08-23 00:00:00
011fcb4fabb3e142579ad63472b11227,1798df51bcc12309eb0ac35f5bb5875f,delivered,2018-02-10 10:45:57,2018-02-10 13:50:23,2018-02-14 19:58:22,2018-03-14 22:38:35,2018-03-07 00:00:00
0120e3dd2696a3bbb68dc2860815f7f2,67ec7f982297cfb734824a3b3a7a56c0,delivered,2018-03-26 11:47:03,2018-03-26 11:55:26,2018-04-03 01:18:31,2018-04-10 20:58:29,2018-05-11 00:00:00
01218a8a807fc187849529e6f12237a9,a652f27bc38cb4869b7d5d82902c0b16,delivered,2017-10-22 23:06:06,2017-10-22 23:14:25,2017-10-25 15:05:08,2017-11-01 17:28:49,2017-11-14 00:00:00
0121cfa7c946e6589f50d7012d3eb5eb,4797fb67b3991c9513486658f6d694fd,delivered,2017-08-30 11:47:28,2017-08-30 12:50:18,2017-08-31 21:36:02,2017-09-06 20:06:08,2017-09-26 00:00:00
012219b6d6d034eb359fc74730a080db,8857149a50b77dba1bb318e46bb57f65,delivered,2018-05-10 00:18:33,2018-05-10 00:34:06,2018-05-10 15:25:00,2018-05-16 19:18:52,2018-05-28 00:00:00
012248555cb0bf51df99199cef81d562,c1d8a080ff171328688530727dc4e026,delivered,2018-02-01 17:31:00,2018-02-01 17:52:56,2018-02-02 23:42:10,2018-02-17 18:39:08,2018-03-02 00:00:00
0122e81ff800460e44bb9c983ff2a2fd,3b16d7fa7eb80db40124dc1748faae1c,delivered,2018-03-16 11:58:58,2018-03-17 02:50:49,2018-03-19 22:32:03,2018-03-28 16:48:49,2018-04-05 00:00:00
0123098b96f3d4014545642be53d891c,746b43bea6d9eb220867694bfe4b800d,delivered,2017-08-15 11:02:55,2017-08-15 11:30:20,2017-08-22 10:46:58,2017-08-29 23:47:27,2017-09-06 00:00:00
01235dc626dcf13283207ba7f36a959a,f418fa622ecaa0dc1bc8524446faf6fd,delivered,2018-07-24 09:57:43,2018-07-25 02:50:16,2018-08-03 14:14:00,2018-08-06 14:57:42,2018-08-09 00:00:00
01237c761ffb72594a466ed514518af0,344bcdb5be77a9718607ba86ca48f765,delivered,2018-07-05 22:40:15,2018-07-05 23:20:59,2018-07-06 11:14:00,2018-07-10 23:08:35,2018-07-25 00:00:00
0123a055aa66357326dd6db066592a7d,993d78fad972fb03a64f3126d934160a,delivered,2018-04-24 14:11:16,2018-04-26 03:55:16,2018-04-26 15:01:00,2018-04-30 15:47:00,2018-05-11 00:00:00
0124e0c5bfae1979838a91e47df53f14,6bf7cea1d53d6e27e5debdb2d5049ff6,delivered,2018-02-08 15:31:37,2018-02-08 16:59:25,2018-02-14 20:04:13,2018-02-15 20:11:58,2018-02-26 00:00:00
0124f01177fc17cf20e1974621fd759a,7fdbfe237a74f478ff41c54678f104ab,delivered,2017-05-13 14:03:25,2017-05-13 14:15:17,2017-05-15 14:02:32,2017-05-22 14:45:54,2017-06-02 00:00:00
01255808a3d38a8dd69aa93265a4cb88,a72282d3fc20f2e29b2659372f3aa616,delivered,2018-01-22 12:01:23,2018-01-23 11:56:28,2018-01-26 20:51:47,2018-02-01 21:59:00,2018-02-19 00:00:00
012670c73246a753cbde0a215c2b9e8f,bfd798b55813a211343f1612ecc25b17,delivered,2018-03-02 19:01:27,2018-03-02 19:15:26,2018-03-05 21:14:21,2018-04-12 20:54:40,2018-04-04 00:00:00
0128412231f9fe9d7e944eea5392fc6b,a7089cdfb6b910afd377368f3335b1e5,delivered,2018-08-22 15:38:10,2018-08-24 03:15:10,2018-08-24 16:46:00,2018-08-30 19:59:26,2018-08-31 00:00:00
012973f4cb6743d00d7e2644ddc8804c,eb00b6b34bb7da3b9cf13c9ba8d1e136,delivered,2017-01-27 22:02:29,2017-01-28 10:32:38,2017-01-31 10:21:48,2017-02-06 13:58:54,2017-03-09 00:00:00
012a238ab54294a3b365812ccc82b135,14f41b6464ff102ab009a269052e7a11,delivered,2017-09-07 18:21:44,2017-09-07 18:35:10,2017-09-13 10:11:40,2017-09-19 18:44:20,2017-10-04 00:00:00
012b3f6ab7776a8ab3443a4ad7bef2e6,5ecc5bb2b96483a913b2d138e56aa1df,delivered,2018-05-04 21:18:05,2018-05-04 21:33:37,2018-05-05 09:30:00,2018-05-12 12:58:39,2018-06-01 00:00:00
012bea13f9a355c983efb59a3f23583a,71cd7e5e11ae80ed42c6c57ff51a347d,delivered,2017-11-24 16:17:39,2017-11-26 17:15:51,2017-11-27 17:19:16,2017-12-15 15:09:58,2017-12-27 00:00:00
012d8cbea490e6102cee6a2088aaa785,9143de688296ba2531bed7883a7f31c2,delivered,2017-10-19 21:07:15,2017-10-19 21:27:58,2017-10-20 20:45:35,2017-11-03 19:12:54,2017-11-23 00:00:00
012dc9e42da722d22e32c618a2521bec,90de167c37925320a60cc9f4cc750117,delivered,2018-04-04 14:19:18,2018-04-04 14:30:20,2018-04-05 17:03:31,2018-04-09 23:41:44,2018-04-16 00:00:00
012e93f8170eb75b2f2f650629d04517,247d810acdcbc96b05e98fa5ddbc250e,delivered,2018-02-01 23:27:28,2018-02-01 23:51:37,2018-02-02 20:37:35,2018-02-07 15:15:58,2018-03-01 00:00:00
012ea594e035047289b3e7c3f8b90cef,39851c46815f49fafb7bc26ed6bf513d,delivered,2018-05-03 21:10:55,2018-05-05 03:10:23,2018-05-08 15:50:00,2018-05-09 13:16:28,2018-05-15 00:00:00
012eab2625c5f8aaac6f37f2c19ef62f,6cd14b229f3969efc4e799d5a58af63c,delivered,2017-11-04 00:38:14,2017-11-04 00:50:19,2017-11-07 15:42:15,2017-11-14 17:14:33,2017-11-27 00:00:00
012f255bd5034b8e7fb3c91566a91cc8,87eccba53579db5563b0588f8943373d,delivered,2017-10-06 09:42:12,2017-10-06 09:49:37,2017-10-06 19:48:56,2017-10-09 20:43:53,2017-10-30 00:00:00
012f29911fcd2f1209d937741a6bbc6f,63a479f36824ee8972e112caa2e4e64a,delivered,2017-05-16 15:39:55,2017-05-16 15:50:13,2017-05-19 09:39:40,2017-05-22 11:44:45,2017-06-05 00:00:00
012f2c4ca09b101a73e18957c3294cd6,ddffe99936ec5bf99f1ea9ad22fde3eb,delivered,2017-05-07 22:23:30,2017-05-07 22:35:11,2017-05-10 12:40:10,2017-05-15 09:14:02,2017-05-31 00:00:00
013037c3f1773cc8fdbaf8ff54d8013b,35df3e8a58fe7d040ed21c7d521f8711,delivered,2017-03-28 15:15:18,2017-03-28 15:25:21,2017-03-28 15:39:21,2017-04-03 16:43:54,2017-04-19 00:00:00
013056cfe49763c6f66bda03396c5ee3,d3d38825275e47847abef7e1936b3bcb,delivered,2018-02-14 12:48:24,2018-02-14 12:55:56,2018-02-15 20:32:36,2018-03-03 12:09:00,2018-03-07 00:00:00
01311f2795d8463a11f9422173687696,4292ad887342214c93ed734b90355ce8,delivered,2017-10-25 16:10:01,2017-10-26 03:08:40,2017-10-27 11:45:44,2017-11-07 18:53:52,2017-11-17 00:00:00
0132158c30672a8c52997a2492613ec2,5a3f73cc3e52ab64478beb5ce8756f4b,delivered,2017-03-13 23:23:23,2017-03-13 23:23:23,2017-03-14 09:35:36,2017-03-15 09:27:54,2017-03-30 00:00:00
0132451f29a10b66a5cf1bacc85f9afe,1c5b37d20011c637ad1a5b6d423c7483,delivered,2017-11-08 17:08:56,2017-11-09 17:08:27,2017-11-10 18:48:59,2017-11-17 18:58:42,2017-12-07 00:00:00
0132d77609dd6e1867515ec57d898c10,6d3be2594860b9675c102aa88d71992e,delivered,2017-09-27 01:15:38,2017-09-27 01:28:14,2017-09-28 18:05:27,2017-10-09 18:33:37,2017-10-24 00:00:00
0132f39e8ad9b42ad2d41c847f44c0ed,a09467d10848ae399caa6f3fb072c6cd,delivered,2018-07-05 14:49:56,2018-07-05 16:22:32,2018-07-05 14:58:00,2018-07-06 21:09:08,2018-07-18 00:00:00
0132fef017ccf586491ca3685de667df,6ed04295dca042b17dc984a992352343,delivered,2018-06-06 08:51:20,2018-06-06 09:11:16,2018-06-06 15:00:00,2018-06-07 17:28:54,2018-07-03 00:00:00
01336d091c57d8be1feca330c5f047bd,bb194a93468bc295f8e1ff7186a131f4,delivered,2017-06-19 20:08:40,2017-06-19 20:23:22,2017-06-20 11:59:09,2017-06-27 16:42:09,2017-07-18 00:00:00
0133a47b53fee66218790a8d7dcab993,0663e652f8793c2d4eb77e8185a5747f,delivered,2018-04-20 19:05:03,2018-04-24 18:59:19,2018-04-23 17:33:54,2018-05-02 18:07:55,2018-05-22 00:00:00
0135675503322d804abef7ec5ed4824b,969678c7317657c3a5855fe90a69894c,delivered,2017-10-22 19:23:17,2017-10-22 19:35:26,2017-10-23 21:28:34,2017-10-30 19:35:52,2017-11-16 00:00:00
01358622f65717728b3b2ec2cf4e8812,21307401801cf2242315563c89d8b9fb,delivered,2017-10-28 22:00:08,2017-10-28 22:10:14,2017-10-30 18:45:28,2017-10-31 18:08:15,2017-11-10 00:00:00
0136390286be8a34efdc801ed150568f,a666bb7a77916be2716fa1420c73c56f,delivered,2017-07-16 12:26:05,2017-07-16 12:35:15,2017-07-20 12:12:32,2017-07-24 11:38:47,2017-08-10 00:00:00
0136bcc7370d7fdf44bd916a6dd583c6,55be5653a69f4551dae9951e54acf572,delivered,2018-05-20 19:31:30,2018-05-20 19:50:36,2018-05-21 15:58:00,2018-06-06 18:53:26,2018-06-05 00:00:00
01380d0df5b7dc8bd13f2266a57bd42c,c903ba1283fbd5c51a9bad4ec9fd8d97,delivered,2017-04-17 19:32:46,2017-04-17 19:45:11,2017-04-18 09:48:21,2017-04-21 11:24:32,2017-05-08 00:00:00
013a98b3a668bcef05b98898177f6923,60c23b4f05e926f24472f5ae2ec6b89c,delivered,2018-08-11 23:17:37,2018-08-11 23:30:11,2018-08-13 14:06:00,2018-08-17 14:38:36,2018-09-17 00:00:00
013aa6ba5077072401773f83f1ee6408,4c91265edcfe58dd5ce2dcdb2fba7813,delivered,2018-07-25 11:31:15,2018-07-25 11:45:10,2018-08-02 13:27:00,2018-08-15 17:55:38,2018-08-20 00:00:00
013b811ba81339b7634ab5231c547e6a,c75a1075cc4b47245da8ae972c8ac08e,delivered,2017-10-24 22:31:05,2017-10-24 22:49:21,2017-10-26 13:30:20,2017-11-01 22:35:46,2017-11-13 00:00:00
013bc5ce14f856d31efc8bebdc3a278f,f8fc70c22831cb93f1bf7f8eefa19765,delivered,2017-02-06 19:12:50,2017-02-06 19:25:19,2017-02-10 14:04:06,2017-02-14 09:07:36,2017-03-13 00:00:00
013bc77d3ca5fba084a241fdcb307393,96ce05a47b37faa11bd59938ee555a7d,delivered,2018-01-17 00:23:17,2018-01-17 00:37:23,2018-01-18 13:53:02,2018-03-12 17:06:53,2018-02-19 00:00:00
013d92e415d1de7bf3b3b706f1b6d292,898107309c7e33b88d7141ebde723c17,delivered,2018-01-25 13:53:06,2018-01-26 14:22:15,2018-01-29 15:52:48,2018-02-20 20:52:57,2018-03-02 00:00:00
013e9c654a339d80b53513da3c1ea437,9391729f79cd9e5fd7ca884ca030f579,canceled,2017-06-18 13:48:48,2017-06-18 13:55:18,,,2017-07-07 00:00:00
01405161cfdf60dd80df1f393a2796d5,50a5ce7e867f2fabc3eb4703dfb432df,delivered,2018-08-09 21:16:21,2018-08-09 21:30:14,2018-08-13 10:05:00,2018-08-20 12:19:03,2018-08-24 00:00:00
014176e9538672a32d2a9b73bf53a31f,2584307af792d605f55f588694980576,delivered,2017-12-01 11:01:28,2017-12-01 11:31:01,2017-12-06 19:53:43,2017-12-19 19:07:00,2017-12-29 00:00:00
01422b2c3c27fa3bc464e72eaed9676b,f864bce0fe28292472d76696b4c4639d,delivered,2018-04-09 10:11:17,2018-04-09 10:30:30,2018-04-09 23:36:54,2018-04-19 00:41:22,2018-05-03 00:00:00
01428962dce3b65e5433eaeb16c0f48f,62a31d294c310db1ce08d21a575c4144,delivered,2017-07-13 14:39:29,2017-07-14 02:24:20,2017-07-21 17:39:57,2017-07-31 18:25:47,2017-08-14 00:00:00
0143924743f240e1fdcd6a8918fbe147,3f979506b05475cf5da22aa8e6c36a6c,delivered,2017-07-18 17:52:06,2017-07-18 18:05:44,2017-07-19 19:22:35,2017-07-21 22:33:51,2017-07-31 00:00:00
014405982914c2cde2796ddcf0b8703d,2de342d6e5905a5a8bb3a991c855f3e2,delivered,2017-07-26 17:38:47,2017-07-26 17:50:17,2017-07-27 19:39:52,2017-07-31 15:53:33,2017-08-17 00:00:00
01442602b15d4127a84ca6ac1507ee2d,5f816233eb2322dd00015934ff84693c,delivered,2018-07-29 14:13:19,2018-07-29 14:31:45,2018-07-30 18:05:00,2018-08-06 18:03:03,2018-08-21 00:00:00
01443cd06ea8bce82c554a46f307459f,7995a0161ac789e3a05607de1620d517,shipped,2018-01-03 10:43:02,2018-01-04 14:32:48,2018-01-05 17:35:19,,2018-02-01 00:00:00
014872cb0c4fc7695c70484966baa65c,b103b8c8af8eb17c72c213b36ccd4f34,delivered,2018-03-09 17:31:31,2018-03-13 04:48:01,2018-03-13 16:54:45,2018-03-16 20:18:17,2018-04-11 00:00:00
0148d3df00cebda592d4e5f966e300cc,672510553bcfbf72de694db2cd88f046,canceled,2017-08-19 19:08:26,2017-08-19 19:24:32,,,2017-09-11 00:00:00
01490a4bdacbafe6de009b317a0c8bf6,f9dfd7942a2d7f1588b7638a9bdc8ff1,delivered,2018-06-12 13:46:53,2018-06-12 14:04:57,2018-06-13 16:28:00,2018-06-21 23:38:52,2018-07-12 00:00:00
0149c597dcc0963d7315f904495b631c,a9bb000979210a35541c29601f2dc03e,delivered,2018-04-26 00:35:14,2018-04-26 03:15:13,2018-04-26 12:55:00,2018-04-30 16:36:50,2018-05-11 00:00:00
014a0793ab3d930d6f3b206cee474af4,70bed66339acf5dfede1a7dce682a6c4,delivered,2018-06-24 22:49:54,2018-06-24 23:17:55,2018-06-25 06:39:00,2018-06-27 12:51:00,2018-08-02 00:00:00
014ac3cfd0e55bdc2cdd12aa181b00cb,b960facb09e55b91fd14efb587eb5bb3,delivered,2018-08-05 09:19:13,2018-08-05 09:30:07,2018-08-06 13:36:00,2018-08-13 21:58:42,2018-08-23 00:00:00
014bd8ca0827935402ac39f2751b2fcd,9fa56e6eb804eb7f8c2d80a133c84546,delivered,2018-05-09 12:47:39,2018-05-09 13:11:00,2018-05-11 13:44:00,2018-05-16 19:30:55,2018-05-28 00:00:00
014e36af18c280a94d880a16b2f00713,0523cd19f27a70bda29f2efb68a2db10,delivered,2017-11-01 18:14:32,2017-11-02 02:35:56,2017-11-03 19:14:58,2017-11-09 20:18:46,2017-11-23 00:00:00
014e78d1239f19fdcafd760d3e52f923,bd5dee4ca2945a0ecb54846178944df9,delivered,2018-01-26 10:45:35,2018-01-26 11:01:17,2018-01-29 21:33:48,2018-03-08 23:50:42,2018-02-26 00:00:00
014e7d12255fc66b5ea5e6c93eb4be7b,55ae57a8afd95ff914731cd2ff9bccab,delivered,2018-01-26 10:54:11,2018-01-26 11:31:19,2018-01-26 19:41:28,2018-02-16 18:48:40,2018-02-21 00:00:00
014f1e63f9bd4f5578edcf4e5c305a0a,956b98e4d6642bc3c6ceccea5aa488a9,delivered,2017-04-09 20:17:53,2017-04-09 20:30:20,2017-04-10 10:37:41,2017-04-17 09:59:47,2017-05-10 00:00:00
014fc889637133d9075190ba873dfc03,20296443465a67e0ac27c5a61f685453,delivered,2018-01-18 14:36:40,2018-01-18 14:55:57,2018-01-22 22:41:39,2018-01-24 17:13:08,2018-02-02 00:00:00
