customer_id,customer_unique_id,customer_zip_code_prefix,customer_city,customer_state
06b8999e2fba1a1fbc88172c00ba8bc7,861eff4711a542e4b93843c6dd7febb0,14409,franca,SP
411373e81bbd24b0356ca1274e9c03fe,c555d42202667b1e09e50e7667b6a663,68908,macapa,AP
f9dfd7942a2d7f1588b7638a9bdc8ff1,ebf40c0db4fe06ddd15a7a44238c986e,24240,niteroi,RJ
0825646a316d8b2bdddea079a5e01fda,be2cff6c84f1683300337ecd499992e0,4001,sao paulo,SP
48ed31e735f1c420ed6ca3637b7c744d,55a269f324455e78349e7b9b7e7e5911,8072,sao paulo,SP
a666bb7a77916be2716fa1420c73c56f,4e65032f1f574189fb793bac5a867bbc,9531,sao caetano do sul,SP
4b4773853bbbc435ddddd51bd6c6a002,f94d7c267f1bb6956a0c6c6fef65da8b,92425,canoas,RS
63cff72cfb37670b3c826dedcaf32a6d,e2c40c8b0afea459059e4f2b8d22b6f0,85350,nova laranjeiras,PR
71cd7e5e11ae80ed42c6c57ff51a347d,26f8790baee110479bb7cb362e16134a,95795,sao vendelino,RS
32f56b65a879ae7a310257eb5bf070aa,03466aa4289c03856add8a3537f914cd,4434,sao paulo,SP
366c88e3ee5ed365c8529a9639c8b91c,8797820f6554668a5b835ff74cd077df,96400,bage,RS
db524d69694d9b945d58f4dad03d914e,a046d29175845b313e52f2dff96cc050,5366,sao paulo,SP
9bc4a258f344f7de44ca841d25a497fd,f372db7693e8b9df2f201a59b1a15c20,70680,brasilia,DF
b8e531fc27d1abbe69022fc27589b3a1,96e7f8f0dbefaa6e16563ac77d339bf0,21321,rio de janeiro,RJ
97dc92f1aae3a7db8b252d1b8466910e,d5faae3f913e775994e53068992969b5,70670,brasilia,DF
898107309c7e33b88d7141ebde723c17,8e23478d59ab253ef04d4d2056ebeb93,89240,sao francisco do sul,SC
a338432949ddc9b9e6bee3d2695d655e,a15630ebd61b2a42d78cb93fbebeda88,3143,sao paulo,SP
14c152bfbd60c86aa6bc4d4e68a9378e,51364d114acc5ab07134bd34edaa1722,99010,passo fundo,RS
b6a1445ee505f3a95c827e7a5188ad02,100bf2da12cc1fd1b556507aa87bf3a1,79117,campo grande,MS
76c6370ab8b030109448c39db2b9e08c,81d59547135bb962c771484f86d08c11,31720,belo horizonte,MG
84dac31647902f79570207a7f29c2675,bcbab0dedb521d9c5412dd8913b2c900,9015,santo andre,SP
d96e5c4400413a11fa8c9fd54be4a20b,22b12c9c5bc6ba994b2423d87d3bb88a,29122,vila velha,ES
1e427598ddcfbca80566d2bcd92dd995,038301b43811478e1a8dc0e476eaf52e,5335,sao paulo,SP
6cae94f1f58ab679c23ceb753967c9bf,58a7135fcd46147533c2f50747435ec2,34007,nova lima,MG
9143de688296ba2531bed7883a7f31c2,dcae8fca76db245777ee6f6f3f6d3253,97300,sao gabriel,RS
eb4fea182012be623175b35ee37dfe50,9ad4f9335cac4ef80ebf85ce93dee011,21370,rio de janeiro,RJ
cca819156e50623e9d3762ebeee308dc,2fe9477037604b2d6f60ffc998eb0812,6458,barueri,SP
c903ba1283fbd5c51a9bad4ec9fd8d97,6e2064e4da450befb0b70bb2f0c68f64,13405,piracicaba,SP
3e49d94c6d8ad4a1f5589db832772317,77479db0fa60ddc453f3743abc02be23,20940,rio de janeiro,RJ
20296443465a67e0ac27c5a61f685453,b0cc15ee23845ff07ad13a3af4f34a46,8260,sao paulo,SP
8935036852a292fe1f61a03c7d51831d,c7e96f28f6556e49a8cb36b624a2b117,28970,araruama,RJ
4292ad887342214c93ed734b90355ce8,01d4d353f424ed250bf892af49d30abe,20521,rio de janeiro,RJ
33653a722db1d2f6bfe739b3a07f11d6,01689985c22786e41347d5167048b25e,79002,campo grande,MS
58dbd0b2d70206bf40e62cd34e84d795,64b576fb70d441e8f1b2d7d446e483c5,13226,varzea paulista,SP
a59a22655d75791a336909c4bd133fbe,c76c0ebec1c44b44dca88e42b23149f1,41815,salvador,BA
84ddc138522822dfb51b603c2f466a18,199888480790cc4f6135f3a3e11af83e,22743,rio de janeiro,RJ
6dc7d8b1ac961fe9d43edb6ecadd5f10,1024d89da874e3e84179752404838ab0,80210,curitiba,PR
6ecb390e8056057a25a1b49c37206958,8c81d87b1a876ac44f968c7f112501f5,73760,sao joao d'alianca,GO
ed3cfd8b632008c67e448e6cafd0738c,d69dd0996ca6a4f85b132eca6f19ef3d,9351,maua,SP
db19e8cffbc71ab7e1c29a1d6e4935e0,8ce353674a24c115d631c6207efd3e4d,7941,francisco morato,SP
a5fd6dd86d703cedc9ab6be3dba12816,248d18ee4a4b0977fd21ef3273eb4352,2724,sao paulo,SP
f864bce0fe28292472d76696b4c4639d,bb81df0a218bab2667f272adf597a188,27925,macae,RJ
1798df51bcc12309eb0ac35f5bb5875f,23bfe8fb29068a3a072d76d2604e99b9,24140,niteroi,RJ
837cf66598995d5f51efd00d99ced139,d28e54a9487cb4d360a09e7a96681e20,6331,carapicuiba,SP
f7838e5eeb3271df42376952e651e403,3725c5b8c1cf5ee69158f66922a862c4,71625,brasilia,DF
acb6cc6ec99086b8b53c858a0731c189,87dff19086a1aa321cf06195ab40631c,22785,rio de janeiro,RJ
e7c5f957b0de4d073c09a91b8bfaa215,932a72c073c57e644beff5c85010c0a1,35610,dores do indaia,MG
7fdbfe237a74f478ff41c54678f104ab,3de8a3becddf5418bd75a3a695ebb6a3,16920,castilho,SP
399d1e628c48b7c3b6389098be566cfd,0ee84527dd65b0a7fadd79df2fc273fe,2377,sao paulo,SP
c14cec6645dffb638b0cbbf9daf4a557,0a4e2ad7c04efe811bc08978563c7b09,6460,barueri,SP
3d64d81cb7d22325994c3ef4ad93d2e0,c5f6047fb345ffd234cf5b26268988be,18305,capao bonito,SP
0c45155afd8ff99622c40824057f9b34,87ae4c644c15d9c6b6f826dfec33b340,27273,volta redonda,RJ
cc2db083341ec9bb757b9f9a70b289d9,ea9657105a8bd47c0a60e1f2a8f2842d,35460,brumadinho,MG
44344e9f944a5692177be10177f62fba,95b1cb35aa91d54d59bc51c85b4de0a6,29780,sao gabriel da palha,ES
0d8111a81ce6ed7cb969e28a01392f63,1c7255916dd10f4dae06f9f3c307a393,29313,cachoeiro de itapemirim,ES
a62843b08086d1629415a203a7fd419d,b32ff8caad5902c55fa167e7dc77cc69,15768,santa salete,SP
e3b91047e6ca3f5e8b656750fa3d61b2,02b3bd80b9721b83c5b155ace3feede9,35519,nova serrana,MG
0c7a95280b3f80eadd81c829e093dbec,46a5335f5fe2f04744ec3535fc6e36f7,65066,sao luis,MA
3c52d94017a3d96915999f30cf42a9ce,ebcca806966fdf4317d0741eeee16004,13344,indaiatuba,SP
bd8d067426b640b65c68dd3ee6c71d46,42bb190d26c930a9e7488bf0abbe87ff,91130,porto alegre,RS
e1f35a414cbae52d09c294b3e58c3e89,a6f9ff98ef3cedac9d8a2b88afc89972,75144,anapolis,GO
cbde8134b8a718381d08167dfc58ec8c,137b3b977306da3cbeb1b552378f08e2,85903,toledo,PR
c87e0e6aa4b3321adb017785ff605af2,0697142614905a50813d854fa08b8eaf,11425,guaruja,SP
c476ddfbabfa4624603e0b7f8e245057,5b861df2503dbc8ca307dfb7e18b300b,20720,rio de janeiro,RJ
1c1bfb2cd4aa789067295941c42120ff,3f7fe16073dbdd44c23f327bab3def2c,65912,imperatriz,MA
fd967f807427c24072652b1f62d4fe47,2c06826e53407560a26cc44d66d22726,90620,porto alegre,RS
fd10113c54f4f4bfcaacbd1c2d188a77,db9fa24c8ae633ca73fb9b8cf741574e,30575,belo horizonte,MG
f9f9943ef9d29a86f10de3b43cd84356,2b40d79d838a6fa4022ee7f7070bcd6d,18080,sorocaba,SP
4c91265edcfe58dd5ce2dcdb2fba7813,289bc385e927d2777efdd16b74040d1c,89239,joinville,SC
0ffe52b2e3ef0d91f5387dbcca59a841,7d0d8854f71d47ae116e13924548c421,72306,brasilia,DF
a7089cdfb6b910afd377368f3335b1e5,e1271d8a2ce007bdd8b40df8a0ded843,9230,santo andre,SP
2355af7c75e7c98b43a87b2a7f210dc5,9e4159995424971423b98c4a8bc11529,6600,jandira,SP
d14c86b99a98e85b5c256c081e3cea03,297ec5afd18366f5ba27520cc4954151,5549,sao paulo,SP
16150771dfd4776261284213b89c304e,639d23421f5517f69d0c3d6e6564cf0e,11075,santos,SP
6d3be2594860b9675c102aa88d71992e,4465b5c91c87e80f405456b8c3fef46c,65062,sao luis,MA
7995a0161ac789e3a05607de1620d517,2c3ed77b92cba1f5622b5ccaa1792b8b,21380,rio de janeiro,RJ
0f2a7baf176f693c27c891360da9ef2c,7e198addd609b9169441891b3f0df2b1,88308,itajai,SC
57ef317d4818cb42680fc9dfd13867ce,e883f26917e2095c439f70c2cf8c914b,22461,rio de janeiro,RJ
f5958334207adf09817b5451cba61651,8262ef5046932be5b3279393f8476614,58345,mari,PB
247d810acdcbc96b05e98fa5ddbc250e,6463b8a3ff77bb42c87e658a99f9e1ae,29048,vitoria,ES
8bb3bef4e75a95524235cdc11a7331af,d1f24d1d504e27bee13b415e40daeab0,40055,salvador,BA
d1684ed69f8fd574b7c344de923f379a,43860f86362fea12550bfa19ef73015f,38550,coromandel,MG
430dae64e910e717c1135ff28b67aad2,c3cce848055be6edcdf13a5509930333,30315,belo horizonte,MG
d356c20816dc75a309628b5c17d89468,98e71752819916789567071c52c4239e,22611,rio de janeiro,RJ
7b63cba66b8e6d002e94d0990c1e2868,38c3bc2d6df03905e3e8d3d5b079acf4,22790,rio de janeiro,RJ
f19b59fc51f101023eb15bfbcca65f31,08b76bd6862f5b38fafcb80a4eac3bee,26525,nilopolis,RJ
c15a53f6fbae984bcbf4ac7bc4395cc3,6a9501d542243cbdd043c91a66795279,24210,niteroi,RJ
9e593469b6f1beac77c2da4d73bf1228,ff9d2f60401262b9da1e868f956fb2a8,38703,patos de minas,MG
ea477083e770db0655938e79149f8c24,be03685420bb977861dda08f4b4088b3,17063,bauru,SP
c713fee6f70301b6bf60701902502703,52e9f9328ec2e09868646b23c108b099,16901,andradina,SP
3c3472f5efc17888458e428b0b9eeef3,3ecdba3759728beba1f9ed3643e133d3,9784,sao bernardo do campo,SP
491609eeefc72ee67ee5b42e63ba9859,2bb3ba4dc5cea88949645027d417b4d4,85801,cascavel,PR
9ed5e522dd9dd85b4af4a077526d8117,fda4476abb6307ab3c415b7e6d026526,11702,praia grande,SP
8545a9b7b5b52bc607f0fe72c7dd323e,6e0547a3483b069df1f0fb2414669584,28896,rio das ostras,RJ
be0d8abce3af32826fcffbd35cb3b73b,72d424ec55a0c9fbbc6e442ec81e54ee,4810,sao paulo,SP
6220c6ab35c110dc7945b0bba49dc486,9b5ed7dd6e900a8dddac78911cc22562,9932,diadema,SP
969678c7317657c3a5855fe90a69894c,d47c6631d67f856392d0c8040db162d2,93990,morro reuter,RS
98884e672c5ba85f4394f2044e1a3eab,860fc00d3154ce2346c43ebe47b9b6ce,4679,sao paulo,SP
8d9cf828f7181bf76915fddfdbb4148b,466731c3fc40a57fec44f98e97e1a55b,17230,itapui,SP
5dd8298fb952a22f28534bfbda71aa2f,49359fd553803ade0d04bbf46f84236f,55014,caruaru,PE
856423159bb2e932fecbc5917bce21be,81e28eaa424ddc2aeeeaaeff72f0f9f6,8542,ferraz de vasconcelos,SP
337e39b83fac394e62eb7876f45ee981,7e2a8ae1e36400f3da3f99af72023648,33400,lagoa santa,MG
efb3830adb68fb8a89c948774388ec28,577edb526f98771b20d6db4a51d79423,22775,rio de janeiro,RJ
b626b511cecb256e0d1514d883084a38,1373e04979cfa0fb2092909abbd57f25,45400,valenca,BA
c8c4991d84dbfef1f61c6152486db6d4,9392534851a5f1f12396b5f897f9f2ad,13075,campinas,SP
8857149a50b77dba1bb318e46bb57f65,91bfa4d9b218b0ba5f4bca20ab8eb63b,39800,teofilo otoni,MG
ebcf50ec311622a9b17a720a655a489b,41e36b7ef606e5f8d7d85358fabbdd88,33120,santa luzia,MG
176a76443d14508cc976f1d84a44921d,31293649410caf78cd0a64bfc3ff3d78,19915,ourinhos,SP
351d3cb2cee3c7fd0af6616c82df21d3,0782c41380992a5a533489063df0eef6,6636,jandira,SP
576908744ae56c9cf061c40a434e2a24,7af7a47d87d53e6db00e70790bba0370,66093,belem,PA
ce0421a97232c2a1194cdb66cd3ebb9d,f99edeaa8a00f9866fd8fce5a0b83d4f,60125,fortaleza,CE
816cbea969fe5b689b39cfc97a506742,85c835d128beae5b4ce8602c491bf385,38017,uberaba,MG
8a250edc40ebc5c3940ebc940f16a7eb,6062db572f3ef38b7a8ff4307abbfad3,13044,campinas,SP
ca0aaedb924d47b85407a1130582b836,14b1fe83a6c8579f0502b467afe01b7c,37478,soledade de minas,MG
e0dc8ea464de23db3b4aa5fa6ae07cc3,383fa1a759c0437605732a46d4f43d2c,71918,brasilia,DF
a652f27bc38cb4869b7d5d82902c0b16,2c82b177d38aab12878490fd1658434e,83321,pinhais,PR
cfa9e5ae05a54e058846a30a2c288118,4a920352e96b1e17e0de73c58597b582,31560,belo horizonte,MG
a9bb000979210a35541c29601f2dc03e,fbfcbb9969287114a9a4757e78f6f807,6900,embu-guacu,SP
8afb90a97ee661103014329b1bcea1a2,7ac26eac431c6848694a2de6f0327524,75123,anapolis,GO
e1238987433fd511c3a493ea3d3913b0,3bb9fa30f4bbd9b9f1aac2be8d5928d7,88340,camboriu,SC
ff60d321ad354e757bb24fa7ae799676,e97d62ecbf23184875db94c696c9c00a,89291,sao bento do sul,SC
a11dde3e6e22e6541818f5e81563bfc7,5c88de047e539f2ed9a643b3c7522f14,17250,bariri,SP
3d54e262ab34438486bd0eb8bf022c2f,f2479f8d117c49610d5a2d006b4ab716,91240,porto alegre,RS
4b9e8cd034b45245928f0d55a4ed4310,293aacb301c260f3bdeadf8e108f9c8f,6458,barueri,SP
fe2b285a4d3936b9a37ff7460a0d403f,7113a50db7ae2bc6f93d766749e5125a,28021,campos dos goytacazes,RJ
39851c46815f49fafb7bc26ed6bf513d,e51e07cef993df6ce1e8604ba2261b5d,2178,sao paulo,SP
544cfbf822c23de5e82f86d638b82b58,68b985a24263e49feebb66ab492145e7,26282,nova iguacu,RJ
ff63f83bb3b2dc9a2df626cefbddda8b,07296cfef11b5e2ee8ea429920c26e0a,5535,sao paulo,SP
2ff1efea5cf92067b167101227abb467,0d51e04ae0b1d341e4f49812d1f4fbe2,15500,votuporanga,SP
6fe655df4b9e1e4a3fc234cec27c55aa,c934b7146180892c1d0c54bd452f0fda,13272,valinhos,SP
2f9fe192fe03e0b19bbe3ff35f3100c5,588e6801be0610dc8c81d04eb23acd22,4182,sao paulo,SP
8bbf21f65f542300bbf3ef6012820922,6a5cf4459fd3a29f02b960b8f2d3ee7e,5560,sao paulo,SP
97cba178632e2fed3edec61ce374fb60,8396c03f207f8a7b155a99fc1e56a98e,16500,cafelandia,SP
8a4ecf2e2fa5faaaf02827b368c0c17b,6e73ccb686c79f2406264857ad8f19ee,36037,juiz de fora,MG
f7bdab6e68a28bf26acc7cbd785790fc,95a4a22f35928ef1a276bdef2d07081f,13219,jundiai,SP
e600c255f682a86dfd0c57d3b1d7417b,b96d7210632c1e88eafbf34998081f43,15991,matao,SP
3cecfffcfcdbac8b85cf74dfc8a60166,70457f5d80967f5f4083e0cde7e89ab6,70763,brasilia,DF
2c64fc3c9f0672a9f2481654a7bf109b,74e18f891a58daf76d6bc822b0dec66f,74785,goiania,GO
1a4dcc966b712214d7c0d25f13fa2deb,585a7960832446ae265d9d254b542ed0,28860,casimiro de abreu,RJ
74219e78dcaeeb30e8d09ed57801f0fe,366516219e06d4f39db335aaea72120e,14740,viradouro,SP
7715f80f77f2ebf4583f97a0a6a7548b,8a04e75a04c11b76156ef03b8ea45a18,31650,belo horizonte,MG
eb00b6b34bb7da3b9cf13c9ba8d1e136,98373acca5178086924094608b1ddca7,3317,sao paulo,SP
8085a9af46f619bc25966f151a362b0d,98758d88bf4b8eef1372ddee45d63178,57250,campo alegre,AL
e19a18812eb4e4fadf5db16932c2595b,18cd91b09cbc8c28ae022b38889aeb5f,85869,foz do iguacu,PR
cd46bd8781c25750e96a37a5e32450cc,b9b70004b9682db7a07defb7ab1b475d,5778,sao paulo,SP
afc13494642f88d253be56a1e353e261,2b22fac410c77b08b937809c68e7481e,12955,bom jesus dos perdoes,SP
50a5ce7e867f2fabc3eb4703dfb432df,23be4b5b1e9add3f80da9607e9de5775,4433,sao paulo,SP
bdbdcd5b18193390b025df518afe94ba,b54e1edda36c3e8918ba9c97ec8c7c4e,70350,brasilia,DF
ea15bb903b8f82b3f8ebdb8a9f305154,97a9c6ce2f5a124d22fe6be767bcbb07,37901,passos,MG
2a30c97668e81df7c17a8b14447aeeba,4987996ddcd0ddb20740fdce7c2bfbb1,37137,alfenas,MG
a562db3c7cb9a68947debd30879b491e,e7d41c19da317af0612170197303d5a9,14802,araraquara,SP
7db5bde0f0fcee8817a4c317cf05429a,483921f4add6c14877a38acf62151e5d,30310,belo horizonte,MG
73bcbe6adbf53dee67bec4399c32b98b,a3b14b09ee78619350083da5c35f0193,7952,francisco morato,SP
1563bfe4b8d21ed87a2dd20cb1fae1a7,5883c17380bc970921a6c79ee2ea51ae,16013,aracatuba,SP
0663e652f8793c2d4eb77e8185a5747f,73407e0f8a211899dab47838a5f723e1,91110,porto alegre,RS
b655e5fd84f933787506b58d4060458c,1314a4c9d175673d953df0dc729363fa,1218,sao paulo,SP
8ebb06c13ec14673af1630a22715f4bd,e6e8ea2a2c2e768f5824ef27196ed655,88330,balneario camboriu,SC
993d78fad972fb03a64f3126d934160a,de8e3d9562f8279bf243c39051edc9a5,15055,sao jose do rio preto,SP
cd321431eb241e989d200c78d0a4bfc4,1af28a3c717ee367ac8e4ed5e03d21ad,39401,montes claros,MG
fff5169e583fd07fac9fec88962f189d,6457be0b331148fb5454efc88d1e03d9,13458,santa barbara d'oeste,SP
3747cfcc18da3cff44fd440770d92d97,ec462378011c63f79ec53a2365d8e71b,23070,rio de janeiro,RJ
5a3f73cc3e52ab64478beb5ce8756f4b,520a88dae0fd97b3230c7d36aea4196b,21073,rio de janeiro,RJ
ac99113c54549df0dffec419b6cb19a4,d567f29ec5fa447c99e949f337f3a35c,35661,para de minas,MG
62a31d294c310db1ce08d21a575c4144,3e8ec82c18ec9053aca2a527a3eb8494,99010,passo fundo,RS
be2c2532426301bff89f1493242c4afa,c90f4838718f64510792abce92a1a7b5,7060,guarulhos,SP
dce4e5a6bad0519b5c92cd5c4bc880d5,89b30dd291178926f8564ac63b8d663a,88345,camboriu,SC
9d7381a45eebf403b3b830a9742b928b,9403bc2d1bc24edda854c1c389c14da1,75610,joviania,GO
7e6fefa11d6a2c832593264f69df9de3,d4c0c343658dec14b2197594314c2cc3,35064,governador valadares,MG
c4e00400b6f79caa802740faa2829161,daec6ee742b2b2ce14fcb41bd844045a,15390,itapura,SP
93d82c58a8f2b0d2db80f16867b99edd,40774d861c6ca4cc0139739a04d930a8,13010,campinas,SP
aab60551b0c17b5dd31690b0d1bf3911,42572eaafadc787ce69afad9af65a7b7,8160,sao paulo,SP
1b9506de3da8fd318853195b13fb2dda,fd01a8dd276ac93aec73fde385389de9,1451,sao paulo,SP
a2be07c22a9d2071f65b6770e47f540b,6204c4e582a95b6a350adf6988623bfb,13720,sao jose do rio pardo,SP
0855edaada8d5aeef50b56f26e604932,429fbed971f52697e9bd392d94787bc7,65072,sao luis,MA
90bd9911aed064dfc625750fbd83ebca,77971c2442b1adbbe0448409df2ea56a,57041,maceio,AL
f6dd3ec061db4e3987629fe6b26e5cce,eb28e67c4c0b83846050ddfb8a35d051,15775,santa fe do sul,SP
5f816233eb2322dd00015934ff84693c,9f9b454e416375f3c705666a76c37114,29101,vila velha,ES
43bb6f9650ab2a7e6ef1c93168c4cfcf,6d151e185615942c0bc8cd9373471ad1,30310,belo horizonte,MG
3a0cc7c9af6abf8868dad5a1de4a16e1,fdfa1cc68f121149d8fcc27ee96e134c,2019,sao paulo,SP
7cc995918b7c4560b0f7ec54ef108d83,b813fe59b2d10fb59d5594ec8f91750e,5716,sao paulo,SP
6489ae5e4333f3693df5ad4372dab6d3,3818d81c6709e39d06b2738a8d3a2474,35661,para de minas,MG
c1d8a080ff171328688530727dc4e026,89efe7e4fae8f61f003241315a2a5f83,41100,salvador,BA
2584307af792d605f55f588694980576,0fd8ff3aed86ac28b280a2b352cd7689,37570,ouro fino,MG
727dc68f327d34b77009f5d3da5250d9,bb7422969f2b502894c5b02697ba986d,11920,iguape,SP
84e32c18718319d7e8f2d11f897d1afa,1c721d062a04d51d8d3887dca3571cf4,32071,contagem,MG
34417388de13fbcd12cfcbd9d1b8dfbd,d3581765bcf955dcf282b1642c74157c,78045,cuiaba,MT
698a74f33469466fa4172e829505d1c6,c6f624cf0e9908fe310d59a80350bea0,36240,santos dumont,MG
89a187407adfc8a32a4d6233a6a237d8,c7e193525b2825ccfe5c65875c0db1dc,79002,campo grande,MS
0dad07848c618cc5a4679a1bfe1db8d2,ec979208947bbba310f2ad8e50963725,31160,belo horizonte,MG
55be5653a69f4551dae9951e54acf572,0921f17ea370fa9de5ff832bf9cad923,5847,sao paulo,SP
89a6b1bfbe1b366503995b8df4c49450,457626c51309d814c33966c88a161545,52041,recife,PE
135bbed7ce32647898c18ba5907cb80a,de15baf007da0ecdb27570fb46fddef9,6544,santana de parnaiba,SP
2de342d6e5905a5a8bb3a991c855f3e2,e8d87ee946600f7753579a074fbd2d5d,26551,mesquita,RJ
1e47b918581b562a9d8d9f85fcb9b1e5,71a5182c33ade63d4f8b42f432b834c0,13045,campinas,SP
c9f69364407bc8db796b2c6f1c353f61,c683ed9776a3bb038982ef2aaacdb9a5,5735,sao paulo,SP
9890d391eac598a0bba5c6b6be617388,3b25730ea4e83eae8c0e90b100dde51d,5659,sao paulo,SP
ab9e9b26c172c928efe04a741772958f,696b9f2a7a5565a5b79d8490514d3f3e,22631,rio de janeiro,RJ
03d804d4d3e76cbac2fdec148e8d2742,f2274f10e72e18fc77be57393daebbb8,25660,petropolis,RJ
cba40225005628d0bb62cc9d15c9333f,9fedd99d17871d39dd3a65eb45e0d792,4078,sao paulo,SP
3ace63287bc8b41172016c06a5093808,25e6bea0f352b9c61d1bed324da0f5cb,95670,gramado,RS
7dd2e283f47deac853cf70f3b63c8d86,13df7b623839b4edc579ee40279d57c8,26263,nova iguacu,RJ
f2a48c51664d5ca2d7401f95994bb8a9,8f060d52f9c6e9244dc0cba5951bb6ff,13076,campinas,SP
7d9802889236ab8fc541bfb438978cd7,0c35f915ac95c942a535a99bc22524a8,2722,sao paulo,SP
42090a79268b92ced0c591a8e63d57c2,e7aa5a5869f3e9d7d04fd3aa5f90631f,60822,fortaleza,CE
7a186a2e9b7fb35a7d158a5a43447b3d,0a4a2b4c194b982d2ded16856464ead0,11680,ubatuba,SP
32b84239e3f3904ac162d832454770c7,a666bec8af192f2238a0b719a7063a00,23093,rio de janeiro,RJ
3b723b649feb48f3cfbb9c728efb3d7d,8c07068e51d745035b296ebc1c8cd16a,72914,aguas lindas de goias,GO
bf2cd0dfd7ad8b44be636ba1079d6358,ea2aebf6103bf1a7588746b16238eb4d,88136,palhoca,SC
29dbee0c474f373b72267a9e886522ee,f793d2815c27a46dafc9c92a1c960103,24342,niteroi,RJ
8d69dbf0f4dcb6c90367e0877ae94732,b1f8d8ebab0d8174f573bb6797ba8240,38307,ituiutaba,MG
137f50d5bfbcfb9578c50605cc9adb16,9bc0afc85b2f40c797f96f7911397708,5087,sao paulo,SP
2726ee187e4908c9683ac2a8a0424af1,f28cab5ad7d6c9b05e6cc9c310761968,27285,volta redonda,RJ
acc1272df0c1c3d973ccb5be09d0ab41,c872d5914996f4822fdd5a4a742965b0,39495,montalvania,MG
c5e16ca2f4093350809b5f66c5cdfd32,b2ee5bbc35d3e89184dd87c1d957b013,25961,teresopolis,RJ
b2381a85f8237639da2719cd5981b007,576a1f3bd1b073f5a84b23075a37b90e,89370,papanduva,SC
3c628393675b42c6b5ef89461f68ecef,106106992030e0d83e6f1bc9d4054070,30770,belo horizonte,MG
0bbbcba4fb2d97e129f2f2622d82eabc,521af0bcb7fe9f806c95e09422b38a43,9760,sao bernardo do campo,SP
da43a556bf5c36a1104c473cff77de6c,2e0daa38f7fd081ddcda32d972e5ec50,85948,pato bragado,PR
5e3b89299a7d6e3e10f9bc6e77923f88,464a3d024ae34727fcaf86198537f5f1,3685,sao paulo,SP
7a399396442d5601cbedfbd0a3cf1da4,60ec651482858c327c177cf9360cc0a2,45990,teixeira de freitas,BA
6ce3934a71cf3aa6ff51b5298ed06d9e,6178119ad39df8c7d51e4e5090976357,79012,campo grande,MS
b2a65630374da38ec0653226f3ea4dbb,b7eccb8247dce2f986bc667143eb475e,21625,rio de janeiro,RJ
279084854f91753f3c2feba81d4573a5,4ecad7e3d36a7e834f1095aefcc54521,55295,garanhuns,PE
4b1b5c848616a4b5fa9d76cb1d12067b,3c857a6f7828bfb70fb712e2393cfd1b,5727,sao paulo,SP
b103b8c8af8eb17c72c213b36ccd4f34,523366b9899aa70ec24c372c3ac27805,31565,belo horizonte,MG
d91dc5b08f5bb5e181a878580f4ec576,a4e15c3b37a5bdc379b5d9a8b7b37450,66033,belem,PA
43696894b5bf8fbe1a40b2148ea505a0,fbe6316a06058c651539cbf59ec5a0ef,39100,diamantina,MG
655418b3cc52d17ccb5b4330a7f03197,12d280dc9e8bf7888a3d2a8a8ae74f8d,9710,sao bernardo do campo,SP
74454d0e51e0eeaaaa9b7b135469c420,89f85ff8f63aa9404d98a83cf96cd4e4,41750,salvador,BA
fcad74a7e0dff27c33e36cbd78280bf9,1e57acebf9849b1d7af7c21c14c1b99f,71936,brasilia,DF
cea80f9af87104810bd7fa9698f69d29,aed98e376f0a3685776366a2ba55e4ee,75903,rio verde,GO
5c98ab90d6e953f282ff28ebc43a090e,a6b24ceddbf05b497a2dcdc301984aaf,20775,rio de janeiro,RJ
d26415dbe622ef8eaf44c3c6e92ce1a7,e59d98970fee89f123d04e23a357d371,22775,rio de janeiro,RJ
4bcf2ad7ccc061c13ff360aae5b7abcd,d56ded4569dd9821b2f83710a56afbde,4173,sao paulo,SP
f453853c7750dfea2b35f2a89382003e,f3591ae7686317e84ebbf646bedf3e24,2012,sao paulo,SP
9899640961f5678c7fb0c46815ee6408,7738c1fd7e3b64b02ebac8389f1f3b54,6361,carapicuiba,SP
eada5b345b1d846ca260ad12e8ec98cd,29bf728e7c1b9d7b19f9f617f56c5349,15110,guapiacu,SP
3c5aa62fbe268c0beee7bf98386b421a,8a64013cee18edf9edbc21b0dd9acec4,64260,piripiri,PI
fe43b2f349c9ab46883ce0e02491432c,4c4446c628c278bdd121aa0d5aaa147f,6463,barueri,SP
c75a1075cc4b47245da8ae972c8ac08e,51c0a2b83d6b0d4fabe39990e43140c2,32140,contagem,MG
2fddb001e84993ba7e785f11415bc5cb,3a969494dcd8d32f5f04ea21c3b7e471,97105,santa maria,RS
a09467d10848ae399caa6f3fb072c6cd,25511fcf533a8ec723b46f105394da12,8280,sao paulo,SP
6081c7acb40f63731b3c982857c79581,35ecdf6858edc6427223b64804cf028e,65075,sao luis,MA
3eb456ae69430643eb134b74ccc4f261,9065112d8c6b59afef09c2fc67c5025e,20520,rio de janeiro,RJ
fc021f2dd664b49455528422c77b6aab,cbb7fc5fc1e854d9ee8f03c3eab82367,30220,belo horizonte,MG
630b8c2f4134e83812d827e8006caa85,f77be85d218371e1afd9685f7ae828b2,90030,porto alegre,RS
eab9c552374be06ed15923016dc9e588,2ada69d1c5528233e3d9aa3f1d8da1b1,38304,ituiutaba,MG
45ba03e2c6bbb5dc48131ba32ec3ae5e,1148e7e1daf6d2378b814e90506e9d26,23016,rio de janeiro,RJ
3b16d7fa7eb80db40124dc1748faae1c,89b158f7d9e3f348f6abe5234c83877b,80420,curitiba,PR
9583b047c90d4aa1c5c68b4065ba7f4e,1d74273c053909be057f50f65b48522f,6114,osasco,SP
ac950cebc3bfe72c92a3768b6e8d3856,ef6f8fd740ae1fe88a80a321306bac50,35490,entre rios de minas,MG
121e7c7ff597fcb5ad44189ffccafa70,6d00d37733cf5dcb758f7e1b35829411,36280,carandai,MG
e7acff27456fbf335dfae22a6bceba90,b81bc44c4da3f95ddfc71773b8e922b4,22011,rio de janeiro,RJ
d3d38825275e47847abef7e1936b3bcb,51d11e5abc725531b3a2fd56456885fa,3358,sao paulo,SP
5d6daccfa147ddbc4d54826f8645ca5c,aa584bf61054b3967bbc9e8c6f74159f,12515,guaratingueta,SP
9403d354eae44e50158601ecc4be7060,3cfbe790a05c2d302c768b447864d7a1,2266,sao paulo,SP
141bdfe99910207edd84c00700397580,211391a801f7f19d9dcd7bbe813b2622,2410,sao paulo,SP
9bb70fa63970b9d88191a90481d551da,d2c6c89bd52a9b70417f90313b1ce4a3,87303,campo mourao,PR
450a869eb52446baa38f4beeecbc5843,013ef03e0f3f408dd9bf555e4edcdc0a,13092,campinas,SP
67ec7f982297cfb734824a3b3a7a56c0,d107b299f4c6328dba9f999f235dde3b,22250,rio de janeiro,RJ
6a899e55865de6549a58d2c6845e5604,3fb97204945ca0c01bcf3eee6031c5f1,15910,monte alto,SP
d4eb9395c8c0431ee92fce09860c5a06,af861d436cfc08b2c2ddefd0ba074622,12952,atibaia,SP
c5452f24faa0b6d0febc5ec4ea9e3b13,55c30000d759e95fa8d94da28ecd3288,74215,goiania,GO
2b01d668726fb0b751c55918c0437b7b,b2c72d1e9f6430603b8337d8f1394a99,11533,cubatao,SP
5fbf764940fb75727525f6af71eef49d,6e3fb31caa2b7dc1177aea46a7483f9b,1508,sao paulo,SP
bc6123686b421b9084028c34499824c4,52bbe472f9c44fac7a108b9b3d70faf4,1155,sao paulo,SP
ffca23943c4b620ea24812018373fa3f,e2421eb09087faf4f51661d176aee08d,45810,porto seguro,BA
bb194a93468bc295f8e1ff7186a131f4,036758198b848af7b0e0211d9323a081,30170,belo horizonte,MG
47f6898621126fa91eda967684efadbb,9982778ea04c8e76b329575deb442364,87045,maringa,PR
d63e92aea6fb367972e3cc4f232a1976,fca073b957482b8bb92de22e5e9c80d6,80020,curitiba,PR
5fabfab95333c3c3641f4cd20f86a56e,07e49dd22f4f6af000d9a912d0e822c3,84570,mallet,PR
b960facb09e55b91fd14efb587eb5bb3,4a5d1c7991061fc4025e6444e0676265,1229,sao paulo,SP
df6e8e7769e4a072c31ca99bf69fab12,270b3b73305179f848bbc74e576f2808,19801,assis,SP
9ac1fd75f48d0f50af8400cd461495cb,6e766da2653f726764bc9879a3512931,9350,maua,SP
cc4e2f483459498c9ce82a70ff415752,d3391cadc57741a0defe8a569e476813,27930,macae,RJ
32e2e6ab09e778d99bf2e0ecd4898718,635d9ac1680f03288e72ada3a1035803,16700,guararapes,SP
e4d417e5628f278edd59031ac99c168a,ec7d40c66edb9281d1d9d58d6a974fac,77825,araguaina,TO
d7165639dc4a682258711343560a17d3,eac51d2355307babc49fe52bc8b7d336,35700,sete lagoas,MG
a9c38ba869a0a0db70cde7e473a848bf,e82abf2ce2e1afa26bf47670df5a04b5,33860,ribeirao das neves,MG
26c6e0c2d9f2ea36acb63a8af98f7a9a,02f3cc68f02f665daf830cbde5fbe0f8,82510,curitiba,PR
6cd14b229f3969efc4e799d5a58af63c,74d3316a8a3535f05feed75b4df15e7a,21670,rio de janeiro,RJ
21307401801cf2242315563c89d8b9fb,bfe8411cb6fed718c3879fac9847f23f,3375,sao paulo,SP
23bfd4316e261786deed5a08231c75bc,1df0a296f852bdf1a17b085730f4b894,11431,guaruja,SP
9e2690a7ad4a0fd8bbf0a5b355d5e6ea,aaeafdd832692cf3b77f4eeded665088,47600,bom jesus da lapa,BA
9fa56e6eb804eb7f8c2d80a133c84546,f80c7e4cf2fa8ff3532323f19bf603ba,4815,sao paulo,SP
3e0d489d05ca15801e274f39adb8d213,9451854d3727357cf0506f99e4a41661,11089,santos,SP
0c34c39c897304ff49eeade3059c4c60,095ffc730d9d2da2f12a0bec18722aae,5711,sao paulo,SP
ba0ff1667f88b3a0da55d80dff50b0fb,68ca4469a590f62a686d835f07f91f67,28611,nova friburgo,RJ
6bf7cea1d53d6e27e5debdb2d5049ff6,86d8261e5b348801fec7bf7ed0726e39,15053,sao jose do rio preto,SP
7ccd57bc5c4e0f34fcbc9209b2d4bdfa,71d5e9bcbe05f2adfa08c33a109c12e0,13290,louveira,SP
accb4b4ad075d07a833eacca116071c7,f139f07dd192b4c3a1b21082a9c632a2,36900,manhuacu,MG
9732d83dd0a2e6aa4a1ff900eca36c81,78774ba79d649db8da39ea74e4aff736,32280,contagem,MG
2e45292979b9b2700ea09560eeb0f803,bb8a37225e0279ac8a274c9765617eaf,74663,goiania,GO
3f0ce4e8579d852bd56ab8bbe66f1870,6ac4c2b8476a9b14dc824e2cda804dfc,27937,macae,RJ
f0bc088c671f31458f73cc1a6a347842,0a0c4bf0b7fcb55a0d43abff1ea4569f,3150,sao paulo,SP
2430ad4b1b6efb56cf3050b5d3cf5e54,fa78b26c2fa23b2ebda98c2926305c1d,61979,amanari,CE
75fd1fb0bb511fc71ac2b2649c02b21b,2e875ea57961ad115cec13fef0920ae6,91910,porto alegre,RS
2dfbf74859104caf100df3720a1d833d,2193383c470dc9cec894ce78afd0ebd6,86870,ivaipora,PR
ae06f7ef9cae527f248b5401c5663265,898106ec3d6efd802c031b7e7bbcc1fb,27310,barra mansa,RJ
5c94f28f54aa13e14aaf67039511f318,55b66f38e36f20986ecd81eb16d5dad4,5634,sao paulo,SP
64a495213f59f3050ccd2ed250d88dde,0cc2ee1112a11a1094eff52fa2e87150,64006,teresina,PI
e17b2b66a87062574242f1b20ab8b2a1,b51d73d8179d999b81550d846940a720,27350,barra mansa,RJ
c664dc5de5b5f4184bc4ca0285b9f8fe,9a5b186787a143669398bd8083720c21,78550,sinop,MT
90de167c37925320a60cc9f4cc750117,1946044620cb72ca4f9c439a67bd92f2,13186,hortolandia,SP
ca9a6ae226341827c9614ce7568db46c,15b521471c36ed411359347ff8257b79,3080,sao paulo,SP
5ecc5bb2b96483a913b2d138e56aa1df,d6caf670c8bf91aed723f242cafb71c8,29305,cachoeiro de itapemirim,ES
2b6cb6a4852a866c3b71dcbc7c5a2fce,c01bed915357c68393943dd8b7a51655,72318,brasilia,DF
5e98d1f8f0534c460557d71961a7f10a,34dd888b565982c76c7a9ee9dc41db4e,75120,anapolis,GO
b6fbaad4eb3a0794111683dca8122610,839ec7c231c579ed10ddab6610f8f12b,2111,sao paulo,SP
03ed7b1b35f2e55b0f4d0b9e4e07b0c3,d0cceb06b81f83e06c5cb63c3f9cb8d3,70658,brasilia,DF
8c66482ec333eae596c93a9131981a9a,f26b89209f5378f95d8e664073b76419,5542,sao paulo,SP
54f0f481cc9257023435b76aa5e647db,89ec7229219bb8b0c1d0da3b74977e23,94110,gravatai,RS
746b43bea6d9eb220867694bfe4b800d,f3719a64d17b893e959fbf553021d3b3,6709,cotia,SP
a60b063f8b715db294b889eae5acb4b6,dd12487859031219d411baa6f6ac20f5,3908,sao paulo,SP
ccff27cfcda46bdff5e51b6e6711a85c,8004f80e361a5ee23aadb7418a685fc2,12233,sao jose dos campos,SP
86ade8ebc14f18dd6c3ea75bd0eb7534,1a6cbc34ea404cb0af7ed74df0999354,27213,volta redonda,RJ
6a3b2fc9f270df258605e22bef19fd88,3588484a539617d91500764822230fb6,18900,santa cruz do rio pardo,SP
ae55e228ded796581eccc67045516023,b0efd7adeb04d15b16edaedd11215d40,2712,sao paulo,SP
ac7787b04da7c05fe6037343bd8bf577,04b6b856b16a682a6906b6ff778f7479,94852,alvorada,RS
baa4ed05f22ffb6c4a41b71b699a492c,d4c784ecad19dfe09e63ffaf9ada82a3,36050,juiz de fora,MG
7ddb7e4242fcc518842aade22f5bee4d,49e67d53accc3f7540aa695b147e8b05,4547,sao paulo,SP
a72282d3fc20f2e29b2659372f3aa616,814ceb72855a60059e5065f45a1eb320,32241,contagem,MG
f1af79ed0c452b79fec6a0217f60a6da,634348bbcede56e5731bfb277a34ca80,5642,sao paulo,SP
3441b9aa98014569ee95cbff82a03abb,b218733357b8317b5738bf9fe3c77b07,6449,barueri,SP
3ce436f183e68e07877b285a838db11a,871766c5855e863f6eccc05f988b23cb,28013,campos dos goytacazes,RJ
f66684cd226d7d5cbbc43491ac08390a,f724ca9c02bd1befd3b12acce13f45fa,21750,rio de janeiro,RJ
2826dbfaa1d90ea2b97c93c35fc4cd92,5d5fe6ce70b1d9f2163eca85df9e6f85,78043,cuiaba,MT
f40f31f8bfcc5f74d9d246354b90af09,8e62db6f625288ad4792855f994abefd,31050,belo horizonte,MG
1eeffe21744883fbf61fbf138dbb8eee,eb859d4b5ab54b643d2c0cedaca0c9fb,5713,sao paulo,SP
17ec3674dce86b3240e0a333cc51112e,af97d12238b4f8b2fdd11edeaa843655,13330,indaiatuba,SP
6460086b02eadee2bb54c83af13698b0,051be26c01eaee2404f19132b80da15f,26272,nova iguacu,RJ
7496d369c45e3249794df2d9b132a3e3,7fa12ff85543277b8842b68a31eca5c2,15061,sao jose do rio preto,SP
d4af02c83608285f0bd9ff891130c980,54e2cf457ebccf1c8b95760afa7c44ad,30350,belo horizonte,MG
1477ef68b5dbf1417fead5a9814cf047,4c05f8d6dade0512d22f8894e2b6b2a9,5414,sao paulo,SP
7f6a163f7d28e407e5eaa735bf7014c5,3e13e5843eacac8a8ec14b42e8a7174c,70767,brasilia,DF
344bcdb5be77a9718607ba86ca48f765,546b0c5f60edd7e076dac9b1c637952f,30860,belo horizonte,MG
a1a6d4f18deef15fee3ad4b6f36a7ce0,1c83b776b851b057dcc32bb2fa5edbdd,9401,ribeirao pires,SP
c181ea8a3ec364246642e36dae84bf30,51d121ddc025c1b70f8f62a1b727aecf,76870,ariquemes,RO
457e255722e958032b50ff72dd15a4e0,dc87b4f4f0af2ecaa16efb92ca1d34fb,41770,salvador,BA
69a24d8e0de91f88acc612cb7d70dc1b,466a171e9af288fa7c8d2e5d90c7f672,14870,jaboticabal,SP
54686c41e86854e35879efbd1c2cab1b,af11903c9def1d99643292e8d695b212,86185,cambe,PR
26355ea90aab63ebf5e90caa825a943d,f765c27dd5ad5be41dd370e1ee4657b4,90460,porto alegre,RS
ddd97c5c66119bd2fe33f8709f77ab7b,c9fb70924f052a5ca6c30588acd6e87b,94910,cachoeirinha,RS
92422ec9b02504c4d12eecce874990bf,26ffd81154d2a5dbe5cae3dce93289bd,9030,santo andre,SP
d987da9fb4086ab7c2c0f83963cd6722,870a0bdc769f9a7870309036740e79ea,2929,sao paulo,SP
55e24d33ade77f949c22b6e008801c15,71d99240b28b20f7b0d9046d9ff6cbe6,2378,sao paulo,SP
37dafcdee86df7843f93d4b4d5325dde,282586b515f07460bafc6bd7eae5359b,4306,sao paulo,SP
ed19fa6ce948d52be769926c2baaa17c,0124721bc33e0aa6772b42d4ccfd01db,38710,major porto,MG
f016a9301ce9a894a43e607fc0355014,ba0a20e238448e2ae8bedaf7a8e04393,89400,porto uniao,SC
36d63113a38882f3f464f8eaa96c4b1c,1f90117a847636892e3c5bf569f2ac68,88780,imbituba,SC
6ed04295dca042b17dc984a992352343,d49f11b7331d59d197d96d0660b51bef,13457,santa barbara d'oeste,SP
e067722fcbc90ea29be6932c863fea87,fad38f61bf94f5c7e3509e5fc4c7eb6d,12950,atibaia,SP
1b7c152aba1c7478309329cfec0bb5d1,b3c1bc5b24affd7cfb96752860b44640,69044,manaus,AM
bcda63215770504537bdb7ae298568f6,a4268f1c2bea89056a164ebd106e72c9,70712,brasilia,DF
081a2d41949e652a50988fd39febb4a8,d462d9e30ff3df8b64ade2aac3cafc7a,4963,sao paulo,SP
8eafffbc006c6986450ed2a5e6f519c5,b5b46581465f851df3529a30d2503f59,28470,santo antonio de padua,RJ
e3626ed5d1f2e3a02d692ec948b25eeb,b9badb100ff8ecc16a403111209e3a06,88025,florianopolis,SC
fb6730884fc4466765ef8619cfe90ced,86c7815d3793c770f05377f877736e95,4829,sao paulo,SP
327679cc34d41d4c48ee5e55246aa6d6,250b38e3586d512ece3671470c5d5f6d,20040,rio de janeiro,RJ
892522b67acfcb855f3feba4cff78050,4093226671a7fef20920692b9093c6c6,8420,sao paulo,SP
2c8b917c5d7dd720ebe36a5ed3b501ec,33febb33a42a35f5826a22584b127f9d,45860,canavieiras,BA
0f3a6d2c22bbdb61d02eb98f4a1e0dfb,c5cc879614b6acdf5b62db3edd062e81,22710,rio de janeiro,RJ
66b8528f2144c6cf919795323c4d43fb,2ecb0fc377050ca3b001d3a199e951ec,2809,sao paulo,SP
55ae57a8afd95ff914731cd2ff9bccab,4860841dce3abd17be7022064cfa15a3,23545,rio de janeiro,RJ
70bed66339acf5dfede1a7dce682a6c4,b199c14d92a878257669851b87779293,22723,rio de janeiro,RJ
24436139c80a4ae51c0e3a98469ed7d4,b2c2e2635aded82494c5be5843664b74,3690,sao paulo,SP
e8a101d3de305ff620d4febe10137fd0,f93b9c409efa7e30bf05a7b528197400,14110,bonfim paulista,SP
2b7ad3fc92af63027a7748b084f9b439,d2787622df9fd933c164f7cf696a4e2a,77405,gurupi,TO
35df3e8a58fe7d040ed21c7d521f8711,f25c64d74c6188c7fb8d3c58d83c6a85,19880,candido mota,SP
06cf02bf583b05fd91bc8eec0f1b4c3f,6bcc1cd0c7f8bffa6f67a6a1fbef5782,1255,sao paulo,SP
3ba02060e681d361d603d5f7ef0a730b,dc5aa19797b8fb7a4929ad109fb25553,48475,itapicuru,BA
e5c49220ea97eddff8b1fbb594913a43,539a46fd0fe17b457ea27dacf709c406,20521,rio de janeiro,RJ
5508ab552ed2d4da9d21e777849034d0,9afc29b951c1e0fae7d91fb3192d655d,97503,uruguaiana,RS
9391729f79cd9e5fd7ca884ca030f579,05a3b50193563913613acada5c86b1d2,18710,arandu,SP
5bbefc8139328a291147ac389f226052,ec4d3f58a02a9b6a80fdf59418416b5f,13501,rio claro,SP
7887f43daaa91055f85b6dd23cccdfcb,1e5dec3847fa11b24069995161a7b95e,36770,cataguases,MG
d73144ccd5680a3ed460ed34939c036e,d53adc63203c98ec017241bb7571b429,54767,camaragibe,PE
956b98e4d6642bc3c6ceccea5aa488a9,95abd88649da5a5d03837dc62e6b2091,33400,lagoa santa,MG
66f800bfc254bf9cec8041dd1896fcb7,77d8e34ae93d396ecba7a3b230180620,12401,pindamonhangaba,SP
0e17f21d1c39581137b6cbc8d14bea37,e2340cef700ec4ec7e6a338976b1dc13,21931,rio de janeiro,RJ
c865d1d500bae6adb604c4a55a31525a,bc63c4173e1894a960b5e018ad16eeae,4342,sao paulo,SP
2cf869dd40c98f29686f636d83545cce,eb2568a7ba9b2ca9bf1f818a8dea82ce,12530,cunha,SP
299735fa1daa3e83ee1048309d22f9da,cf24fc26d6007e7a24eb804c9ef6a0de,35058,governador valadares,MG
14f41b6464ff102ab009a269052e7a11,b1079e3544bf2cf3786e52f5f0220738,13080,campinas,SP
4797fb67b3991c9513486658f6d694fd,8215ca540d5abcc9e3564f69e898769f,16403,lins,SP
30c93f8296b9a02c0eec5de60b94f98c,16156a86625a02a82bf1cd39de12a4ea,69043,manaus,AM
8ef0a1cf31ce44185f0ee98fd976ef70,bea868f2d5335db6ea59f0028ca47515,32604,betim,MG
687223424c00a708c168301ebb8d16ef,83e1722d7fa45e1393a1226cd68c46b1,87501,umuarama,PR
a17846ed33d62b0e48c6f07ce9132318,43eb0e993502bd4cbd3400a492a5444d,37600,cambui,MG
3341e65ccc3a083fcc8775020854154f,d181089fdc7cd010c9e402ccedb4c48c,17280,pederneiras,SP
a780c20430b67279f7a0b43cf94b1738,8a44fe7a0a9fa910c26bdf99933e36aa,3209,sao paulo,SP
83b22908078c379ad87b33bd9034ebc2,d58b4f7e679c57d0c5d0f7b8cf3e5722,3512,sao paulo,SP
282ab86c49646e5a18507b088ee0d74c,680b9de0221bb1b59defd49ed2a5d948,22793,rio de janeiro,RJ
342c4258969c528c3469db9acaf6b0ad,2605c5e0b518e57802205cfb05246774,22790,rio de janeiro,RJ
ab3642244247c0c638253fe68ee4c345,5c96a427e784b5e917f5a4fbf0f9e84a,65350,vitoria do mearim,MA
72a46280034e63cc3703b1f969f65733,dce5c2ba30e0cdab93060715a2f7dafb,4190,sao paulo,SP
ddffe99936ec5bf99f1ea9ad22fde3eb,9df040be9d7656d4c912b62472bfcf05,8710,mogi das cruzes,SP
2f08bf21468eccdf69598582d4b89fb5,b31e69e978d97f380d52102ac379fd7e,7082,guarulhos,SP
7920ebe0de6925c9b6a7900675231e7e,e2a22025597e086617c35d90404f9b07,91050,porto alegre,RS
150262ecde07c5bc549ca2cc732dcbde,6fcd81a947162c4b4fd4cc59b204dbad,83650,balsa nova,PR
3f9d223f86d2f243dd5a85fdc286c62a,93b592cbb89abbda7dc554c39add344e,13848,mogi-guacu,SP
3c138c472fb6f243ea59fa2589b20440,4125ca92d09b7d7a7709209878845a0e,17053,bauru,SP
45016dcb53fa07cb0c050dc78b2d6f51,c5fd8c6fc581f9792cf214b22363671f,19907,ourinhos,SP
a9262f07bdf485ee87c6780a830ff83a,bf3d0b96c5568f51f70c45ac9c5f7278,6900,embu-guacu,SP
c6f1de87b7344ea1d33400c3c15b1a47,a2dbc98e10ce1a8a3a0c98b4b41ef63c,13092,campinas,SP
267bfea62bbfc1342ffc898248403bb6,36928e3de80f63dad3bd1d0223b035fc,6266,osasco,SP
7d9edced80af5c9503cbf88a9e5f2a3e,3b776563843bf7cb5adb4e65296aefae,6083,osasco,SP
a69c820c317aa348d781a9d6732afc23,17726716a98c98a7806b43a789820245,79304,corumba,MS
0523cd19f27a70bda29f2efb68a2db10,c2919fbdb45366551c1e80d5cb35cd3f,38061,uberaba,MG
da108bc410acffb1400cf9caea65a332,ffec490ab531184a483efe2eedd68908,79091,campo grande,MS
f4f17ada91ef010cbde3892ae54e625f,3d01f9412759a6a68f249b76eca0de78,11500,cubatao,SP
392569e210fa974c457c69cfdb400d1e,ff994a455350d9f24c79a7482b89dfe6,16400,lins,SP
f418fa622ecaa0dc1bc8524446faf6fd,40682a6bda55c041ac28f77b0818868a,1307,sao paulo,SP
9c1e141643cc2c164c2fa7c7140f5317,a67fecd4801b668a6f99946a13333c61,21230,rio de janeiro,RJ
062cc8c5ff387d407645b93970baee73,062238d27c69d03c3cf38b199d6a17a4,36036,juiz de fora,MG
c6fc061d86fab1e2b2eac259bac71a49,107e6259485efac66428a56f10801f4f,13419,piracicaba,SP
5848ef3f994e18c5121d291e0daedc81,7e59d854b9bb4cbb2c85fcd93877c694,8527,ferraz de vasconcelos,SP
f3476df115c5d26bdb6bfb71b5fb66af,cd2fd2a38f5903eb2a7377b548e0bfdd,4826,sao paulo,SP
672510553bcfbf72de694db2cd88f046,e75fd09539dff5c7c80a12781404ffea,4078,sao paulo,SP
410b01953ef40c9962bb6dc6578c7ff1,b4280a4f708b5e554795989590a542e8,6716,cotia,SP
cc0f43bd4e0f3ed1a2165365d26029ae,8a996e32e8d729f4f10947fb34bf5763,3150,sao paulo,SP
eb729faa993caad20442243265804a7c,5eb8cc30e45a67bdb05240e7e735967d,12212,sao jose dos campos,SP
763a720a236f5b8efe8220ef8b87bc81,00fb957ae14ffd35a3211d8aa6d9cf9c,4009,sao paulo,SP
a12427487c970a4a75dbeb5884f126a8,c5e94cf711798a7bdde48952d2b3ee28,4474,sao paulo,SP
2013d892495e1a101d742d533d2d1119,02daaa0e021d624d1784c4ea5cc84ace,1033,sao paulo,SP
965cef866a59a3cd6d1e92ba0ad2c779,9e11a53a57f750f786cf63a2c4543b27,72001,brasilia,DF
18f1bb6325d50619d5c13b7a25b869fd,7e765e16bdd8cf6bb0dc7728e1294636,45960,medeiros neto,BA
3f979506b05475cf5da22aa8e6c36a6c,197e7a981a20a197855fb41c4ffe8c5e,7142,guarulhos,SP
bfd798b55813a211343f1612ecc25b17,e3ed27f7f18b9aad123fec8eb8ce027d,22770,rio de janeiro,RJ
e84d9c0fb40fccf1b0e326e840f6a8ec,1ff3cb11d59e1782c6fc95912849a62d,13150,cosmopolis,SP
1c5b37d20011c637ad1a5b6d423c7483,aaff146bd210808c7d004a05966472a7,24431,sao goncalo,RJ
03e0ca8ff692a46af071866422dded4c,4cfea1c0d66ed41b769d78040e59fa73,36512,tocantins,MG
5f6bbac628ae418db4e0f92932f899c1,d02e64b28b7c386aab81bb6ce148799a,37580,monte siao,MG
60c23b4f05e926f24472f5ae2ec6b89c,00504b68faa074d0f40adcb4f7727f71,26700,mendes,RJ
41065d9dcea52218c3943d2eed072b97,8e5a8d9363eb6296154b65750c8702ca,83325,pinhais,PR
d7a77284d0a56f6b1ecb8c344b60d3e4,125afe43321f838bed64b7e0ecfddba4,83327,pinhais,PR
5d178120c29c61748ea95bac23cb8f25,7ed0ea20347f67fe61d1c99fdf8556ae,21810,rio de janeiro,RJ
bfab01097454f7cf7d2ba80d7af6125f,c5d371601018aa18e6c3a30b5678fb1e,60355,fortaleza,CE
266636baec3cfa8d854713f0b465a2cb,f507945d757fe904ec16d8e7bb7ba7ad,24452,sao goncalo,RJ
1aac2b5adf8aec2c00fe67d06aa8ebc2,96fab6e511253d619ab79a63c31b29c4,8240,sao paulo,SP
7f2a66ad36459534aeadd9b1985bef2b,a89fe4bf01e67497dd3b1aaa9a43f41d,37550,pouso alegre,MG
e5475160d45b86c1272caa11513641ba,9cc01133abd8502b1b89a0121e80c10b,9951,diadema,SP
ab30bf72cae845f3814c7baa50ca549a,8b9c297f4874622ea42c249bba3854d7,15775,santa fe do sul,SP
4cb9c04be8cfbc5c1e0519344c72a5ed,baa8514552c2181d27fa72c8fdcbb36a,2111,sao paulo,SP
c46e1af5a15417246a9c5e81ac964358,da9fe686eb368251f74be6cf68c13678,30575,belo horizonte,MG
47d656c08a282ec5ab4c1f18303a3a30,b5910f24d2483d697b37e3857b621061,9820,sao bernardo do campo,SP
6031cd91d182925af3d38ae9590e5afa,34acad212e30cd0d511be1034e2f9821,14150,serrana,SP
9ec353f970bdf785f6568724d9ea19aa,484689f7961df6e755f6373221aff64d,83280,guaratuba,PR
d3b3960bebb0ff8c6edb75c8edd39212,cd6ab472aeca00c899a173ffea882881,27570,porto real,RJ
21fac8ff24f5231ff8f105323fea28a7,83ae47dedb34563d71d7a406f282d2eb,96810,santa cruz do sul,RS
a7e8a3cb55d9c9a536992c6465a46a3f,f0b9f688a3b9151bc6b38f4b5b36ea44,6539,santana de parnaiba,SP
dd6ff79fddc7e5fadda7b83b2bf4383b,1bd9ea0e69c784dfd93facf065b406d0,6050,osasco,SP
96ce05a47b37faa11bd59938ee555a7d,e3695821bdbe747a2f9d72bb83dc4bf8,91780,porto alegre,RS
f51670c66e7e928844fc66261ed1b91b,4ddf25b85103aa90e4e53f275db83285,15035,sao jose do rio preto,SP
e288b145525a2a1b7f73fa9101f3904f,cee4e6509d99d45518c65d26971c1cbb,5058,sao paulo,SP
0b5f6687d659478f1747caed607c4ec5,77367b6fbb034ca710d4f41aad009151,9185,santo andre,SP
9d797a1a7d8ddb192708608d25197161,53f34954c078f5034197993c0e109b95,57303,arapiraca,AL
87eccba53579db5563b0588f8943373d,aca661b86a424c1cbea17d14787d3ce3,18602,botucatu,SP
e41d728aab3d0dff5fb070f93eb61345,770c43f54c33cbf4bc49b7f2d6576891,22793,rio de janeiro,RJ
592fe733eef8c8ab12d27a84a98c94a6,40ab3e4a058e03da00c83586c4001193,58057,joao pessoa,PB
85d84596608ea7f87175ca9521ee12aa,e4c1da04e1d03a2f6f276ebcb68b8253,5767,sao paulo,SP
1ab52508d3c58d96241850142347b75f,58b051c30d684ac12a2049a49c856203,44065,feira de santana,BA
63a479f36824ee8972e112caa2e4e64a,28dcad8be7db3ef1b0e1f5da9f19bec9,37925,piumhii,MG
a5ced4926d7d8fa71e9be2b007720356,94ea9edee3656707894565f35cb8570d,8671,suzano,SP
8630914c34f45ca88a7589cddb8e0ae2,ead67853687963974dfd6a3c23072deb,34006,nova lima,MG
49b0b78f8fd6fc95605c46e685c4b611,d77caf275e9f22055520d5a58bf0691f,9350,maua,SP
bd5dee4ca2945a0ecb54846178944df9,3f5c2f46e425fbdbd5341e0c4a30ff63,91770,porto alegre,RS
c5b44be122ce413a4517716ad9dd072e,04373f7c105c306e9bdae55e5c70163c,11702,praia grande,SP
e62a03d00892173f46bb99a1da0f86f3,e8ead022ae2b3779a4aafdcb1bba8f31,8635,suzano,SP
d70e5eac00a9d35a3cb193442c0287cd,4831f388aaf5dfed43c1bd4455f37eac,22030,rio de janeiro,RJ
2b27fae969b7d2bc173e466a742e50c6,ecdd7200b5bc4a68c5e75117d61a5751,18055,sorocaba,SP
4930dfe106be258618f6907e8ce8795d,e26c256b09efa85577c1c600cf1e9bea,5269,sao paulo,SP
b129d989bd1940915efbdc2d239386d3,0b9779c6ddf61db3641edd60f13be109,68637,ipixuna do para,PA
02e460a9db12a0de7f952f8facb66312,258212f72c68bfd7d05ca8b3e59b5157,80730,curitiba,PR
3fb1b736500b371cd8576c7050fe7256,959b120a59e2bd76acb9207e7cb463d3,4037,sao paulo,SP
8832232b097dba67d540a76f6ba88795,c0d9dda253199c2d4d3a2a255b77e517,74823,goiania,GO
ca9e43d2589e04a0608d8989d5c5452d,8f062a3d9b2c79e29cc3d8db301b6d39,4316,sao paulo,SP
b1517b4078772e718a46e03f9ea9321f,7062c39f1843312ff40c29838e4a8960,13295,itupeva,SP
396573e1df49285167b26331d72e7f96,5ac6468b01b29ea7238103d44092c65a,89694,faxinal dos guedes,SC
eac2fb60d3f12675772fa03f9d8f8ddb,f113042ff356f926d517f3087d4a1ba8,99400,espumoso,RS
db4ce50bf63f8c1a9518462b0499aabd,f513f0c6703eeca0a7c917c3fb6e407c,61648,caucaia,CE
2c499841f2c353053fd296844c4908f5,7d70830062fb69cd2b3f095aa6ad8fd0,71741,brasilia,DF
3a6fc4af206cad7a5eaca926cdffd0d7,d5ccb9146be20771162df61d83ee6a31,12230,sao jose dos campos,SP
0623ac95ea8764ca730185db76ea56a0,034f3cf671ecc03610f2ce339ee72f4b,90420,porto alegre,RS
de0c1a4d8c367c58d66e61dfa379f4cf,67339b5ed21a26219ebbeba53fba836a,11725,praia grande,SP
3773bcf1a6fbd29233ea1c1b573c4f22,f5f088001070650f9e9a8cd773621f35,13208,jundiai,SP
2010587cb06df66a241fa29a40cdf9ab,78f1426483887323ca6f074d0e76f3b6,99525,santo antonio do planalto,RS
f6d650f5127f08c4ed7c4f596c0f9cb5,3880b8d94e3a64bca0e7df6c5f05c29a,5734,sao paulo,SP
f7277fce45fad3165379c15cacf5ddbe,1544f85dff3797491b60f2a5241d14c1,6160,osasco,SP
3fa57a1801314f5064ffebcc14d2063b,88fcb680dc8cd2e540010c0750b78242,13348,indaiatuba,SP
7e1d6ae9c77f1010a374656024661408,aac87016855bd40827b41313863872e4,12515,guaratingueta,SP
bacf5021c97183a2a3946dff31e56098,cb56f37beb68b1e2557f4ce00879d21c,89280,sao bento do sul,SC
ddb83a5b3161520fcd64863c1a266ec4,9b06f6c009832ad8a108a8ae7367ad4c,20211,rio de janeiro,RJ
55e153b503a15cf10845bacbb3b4d616,7c6afa006e0c76d40fe0dc6aacee2940,22750,rio de janeiro,RJ
f8fc70c22831cb93f1bf7f8eefa19765,511ac552669ae0bea0aa5e724f69f28d,4128,sao paulo,SP
84f30d2805ae1bddbe5deefc84c80cd0,0511b00dba27c937d7c1b15aa385359e,29101,vila velha,ES
b4c4af6dbbbbafcfd8d6863fa0fc6e61,f9b89cfe153ff980aa3d8dc18b380888,76630,itaberai,GO
6e6943d8c4822ead782b17d532e6ee63,2302114645331312215fffbe07aab78a,6060,osasco,SP
7bfe2d37d3643c4bd9fe6fd5c4228d0e,f3c96794acb463d2a2785d4eb46af0bf,23035,rio de janeiro,RJ
7fa80efb1ef15ca4104627910c29791c,205d5aa158338f2b733a07326aae8c87,42804,camacari,BA
